State,Standard error_1999,Var,Median income,Standard error
Alabama,1853,1999,56496.0,
Alabama,1853,2000,53395.0,1616.0
Alabama,1853,2001,51530.0,1474.0
Alabama,1853,2002,54255.0,1532.0
Alabama,1853,2003,52560.0,2229.0
Alabama,1853,2004,50317.0,1790.0
Alabama,1853,2005,49361.0,1614.0
Alabama,1853,2006,48843.0,1305.0
Alabama,1853,2007,52827.0,1777.0
Alabama,1853,2008,53602.0,1999.0
Alabama,1853,2009,48351.0,1093.0
Alabama,1853,2010,48701.0,2851.0
Alabama,1853,2011,49123.0,2331.0
Alabama,1853,2012,49092.0,2856.0
Alabama,1853,2013,52667.0,6134.0
Alabama,1853,2014,46272.0,1673.0
Alabama,1853,2015,48629.0,3736.0
Alabama,1853,2016,50936.0,2482.0
Alabama,1853,2017,53973.0,892.0
Alabama,1853,2018,51475.0,2498.0
Alabama,1853,2019,56901.0,2544.0
Alabama,1853,2020,54393.0,2587.0
Alaska,3469,1999,80099.0,
Alaska,3469,2000,79657.0,1747.0
Alaska,3469,2001,84071.0,2949.0
Alaska,3469,2002,76145.0,1548.0
Alaska,3469,2003,73132.0,1384.0
Alaska,3469,2004,75640.0,2845.0
Alaska,3469,2005,74262.0,1768.0
Alaska,3469,2006,72608.0,1924.0
Alaska,3469,2007,78834.0,1981.0
Alaska,3469,2008,77119.0,2774.0
Alaska,3469,2009,74503.0,2118.0
Alaska,3469,2010,68825.0,2844.0
Alaska,3469,2011,66241.0,4279.0
Alaska,3469,2012,71889.0,3207.0
Alaska,3469,2013,80661.0,6061.0
Alaska,3469,2014,74017.0,3451.0
Alaska,3469,2015,82066.0,3808.0
Alaska,3469,2016,81680.0,4407.0
Alaska,3469,2017,76273.0,2871.0
Alaska,3469,2018,70853.0,3495.0
Alaska,3469,2019,79373.0,6769.0
Alaska,3469,2020,74476.0,3570.0
Arizona,1766,1999,57655.0,
Arizona,1766,2000,59966.0,1824.0
Arizona,1766,2001,62587.0,2112.0
Arizona,1766,2002,57330.0,1447.0
Arizona,1766,2003,58077.0,2006.0
Arizona,1766,2004,60231.0,1570.0
Arizona,1766,2005,60116.0,1689.0
Arizona,1766,2006,60046.0,1604.0
Arizona,1766,2007,59089.0,1946.0
Arizona,1766,2008,56540.0,1356.0
Arizona,1766,2009,55316.0,1501.0
Arizona,1766,2010,55795.0,2650.0
Arizona,1766,2011,56080.0,2796.0
Arizona,1766,2012,53135.0,3300.0
Arizona,1766,2013,58556.0,4858.0
Arizona,1766,2014,53906.0,2522.0
Arizona,1766,2015,57085.0,2194.0
Arizona,1766,2016,61592.0,2126.0
Arizona,1766,2017,64545.0,2790.0
Arizona,1766,2018,64203.0,2362.0
Arizona,1766,2019,71556.0,3433.0
Arizona,1766,2020,66628.0,3534.0
Arkansas,1599,1999,46258.0,
Arkansas,1599,2000,44763.0,1164.0
Arkansas,1599,2001,48861.0,1677.0
Arkansas,1599,2002,46729.0,1123.0
Arkansas,1599,2003,45149.0,1095.0
Arkansas,1599,2004,48057.0,1365.0
Arkansas,1599,2005,48707.0,1739.0
Arkansas,1599,2006,47691.0,987.0
Arkansas,1599,2007,51054.0,1687.0
Arkansas,1599,2008,47708.0,1439.0
Arkansas,1599,2009,44189.0,1099.0
Arkansas,1599,2010,45909.0,2932.0
Arkansas,1599,2011,47638.0,2133.0
Arkansas,1599,2012,44070.0,3176.0
Arkansas,1599,2013,43825.0,2673.0
Arkansas,1599,2014,49165.0,2786.0
Arkansas,1599,2015,46760.0,1718.0
Arkansas,1599,2016,49518.0,2335.0
Arkansas,1599,2017,51561.0,2790.0
Arkansas,1599,2018,51316.0,2173.0
Arkansas,1599,2019,55220.0,2414.0
Arkansas,1599,2020,50540.0,1992.0
California,1096,1999,67994.0,
California,1096,2000,70566.0,1034.0
California,1096,2001,69267.0,1065.0
California,1096,2002,68444.0,1105.0
California,1096,2003,69553.0,1155.0
California,1096,2004,67616.0,907.0
California,1096,2005,68766.0,611.0
California,1096,2006,71194.0,894.0
California,1096,2007,69750.0,773.0
California,1096,2008,68712.0,999.0
California,1096,2009,67888.0,749.0
California,1096,2010,64584.0,1406.0
California,1096,2011,61554.0,1589.0
California,1096,2012,64403.0,1398.0
California,1096,2013,67663.0,2016.0
California,1096,2014,66201.0,978.0
California,1096,2015,69527.0,1869.0
California,1096,2016,71879.0,1160.0
California,1096,2017,73662.0,1533.0
California,1096,2018,72662.0,1271.0
California,1096,2019,79080.0,1873.0
California,1096,2020,77358.0,1351.0
Colorado,2311,1999,75082.0,
Colorado,2311,2000,72713.0,1865.0
Colorado,2311,2001,72396.0,1744.0
Colorado,2311,2002,69681.0,2112.0
Colorado,2311,2003,70456.0,1634.0
Colorado,2311,2004,69902.0,2184.0
Colorado,2311,2005,67031.0,1710.0
Colorado,2311,2006,71680.0,1961.0
Colorado,2311,2007,76517.0,1269.0
Colorado,2311,2008,73448.0,2287.0
Colorado,2311,2009,67641.0,1929.0
Colorado,2311,2010,71663.0,2952.0
Colorado,2311,2011,67623.0,2945.0
Colorado,2311,2012,64668.0,3059.0
Colorado,2311,2013,75586.0,4596.0
Colorado,2311,2014,66696.0,2642.0
Colorado,2311,2015,72761.0,4023.0
Colorado,2311,2016,76117.0,4449.0
Colorado,2311,2017,78322.0,3149.0
Colorado,2311,2018,75285.0,3672.0
Colorado,2311,2019,73404.0,5286.0
Colorado,2311,2020,82611.0,6144.0
Connecticut,3578,1999,78847.0,
Connecticut,3578,2000,75625.0,2045.0
Connecticut,3578,2001,78185.0,1817.0
Connecticut,3578,2002,77029.0,1977.0
Connecticut,3578,2003,77545.0,2202.0
Connecticut,3578,2004,75691.0,2264.0
Connecticut,3578,2005,75516.0,2170.0
Connecticut,3578,2006,80312.0,2782.0
Connecticut,3578,2007,80271.0,2564.0
Connecticut,3578,2008,77954.0,3255.0
Connecticut,3578,2009,78430.0,2791.0
Connecticut,3578,2010,78522.0,2493.0
Connecticut,3578,2011,75450.0,3476.0
Connecticut,3578,2012,72566.0,3222.0
Connecticut,3578,2013,77120.0,3604.0
Connecticut,3578,2014,76788.0,2917.0
Connecticut,3578,2015,79637.0,4861.0
Connecticut,3578,2016,81895.0,3672.0
Connecticut,3578,2017,76852.0,3705.0
Connecticut,3578,2018,75057.0,5277.0
Connecticut,3578,2019,88380.0,4688.0
Connecticut,3578,2020,79043.0,3601.0
Delaware,3555,1999,72668.0,
Delaware,3555,2000,75916.0,2273.0
Delaware,3555,2001,72696.0,2151.0
Delaware,3555,2002,71637.0,2431.0
Delaware,3555,2003,69156.0,1944.0
Delaware,3555,2004,66005.0,1952.0
Delaware,3555,2005,68075.0,1430.0
Delaware,3555,2006,67486.0,2226.0
Delaware,3555,2007,68317.0,2702.0
Delaware,3555,2008,61105.0,1673.0
Delaware,3555,2009,63026.0,2154.0
Delaware,3555,2010,65692.0,2683.0
Delaware,3555,2011,63045.0,2013.0
Delaware,3555,2012,55313.0,2232.0
Delaware,3555,2013,60203.0,4842.0
Delaware,3555,2014,62955.0,3251.0
Delaware,3555,2015,63103.0,3706.0
Delaware,3555,2016,62612.0,3227.0
Delaware,3555,2017,65805.0,3485.0
Delaware,3555,2018,67016.0,3710.0
Delaware,3555,2019,75120.0,3047.0
Delaware,3555,2020,69132.0,5258.0
District of Columbia,2492,1999,60266.0,
District of Columbia,2492,2000,62135.0,1616.0
District of Columbia,2492,2001,60337.0,1499.0
District of Columbia,2492,2002,56372.0,1436.0
District of Columbia,2492,2003,63548.0,2001.0
District of Columbia,2492,2004,59688.0,2561.0
District of Columbia,2492,2005,59782.0,2879.0
District of Columbia,2492,2006,62388.0,2161.0
District of Columbia,2492,2007,63554.0,1373.0
District of Columbia,2492,2008,66996.0,2125.0
District of Columbia,2492,2009,64268.0,2525.0
District of Columbia,2492,2010,67731.0,3965.0
District of Columbia,2492,2011,63727.0,2433.0
District of Columbia,2492,2012,73694.0,4146.0
District of Columbia,2492,2013,66843.0,6154.0
District of Columbia,2492,2014,74726.0,4818.0
District of Columbia,2492,2015,76558.0,3126.0
District of Columbia,2492,2016,76566.0,2949.0
District of Columbia,2492,2017,88048.0,3505.0
District of Columbia,2492,2018,88393.0,2741.0
District of Columbia,2492,2019,94273.0,3933.0
District of Columbia,2492,2020,88311.0,3531.0
Florida,977,1999,55841.0,
Florida,977,2000,58568.0,1120.0
Florida,977,2001,53378.0,611.0
Florida,977,2002,54863.0,1195.0
Florida,977,2003,54982.0,1071.0
Florida,977,2004,55683.0,868.0
Florida,977,2005,57120.0,1076.0
Florida,977,2006,58784.0,810.0
Florida,977,2007,57310.0,713.0
Florida,977,2008,54061.0,1034.0
Florida,977,2009,55186.0,854.0
Florida,977,2010,52428.0,1837.0
Florida,977,2011,52024.0,1313.0
Florida,977,2012,52036.0,1254.0
Florida,977,2013,54016.0,3133.0
Florida,977,2014,50498.0,1040.0
Florida,977,2015,53345.0,1524.0
Florida,977,2016,55202.0,901.0
Florida,977,2017,56685.0,1918.0
Florida,977,2018,56329.0,1945.0
Florida,977,2019,59097.0,1598.0
Florida,977,2020,57435.0,1766.0
Georgia,2112,1999,61442.0,
Georgia,2112,2000,63158.0,1253.0
Georgia,2112,2001,62399.0,1573.0
Georgia,2112,2002,61954.0,1597.0
Georgia,2112,2003,59872.0,1381.0
Georgia,2112,2004,56299.0,849.0
Georgia,2112,2005,61021.0,1113.0
Georgia,2112,2006,63504.0,1557.0
Georgia,2112,2007,60873.0,1349.0
Georgia,2112,2008,55712.0,1403.0
Georgia,2112,2009,52415.0,1519.0
Georgia,2112,2010,52489.0,2168.0
Georgia,2112,2011,53025.0,2864.0
Georgia,2112,2012,54352.0,1699.0
Georgia,2112,2013,52302.0,4715.0
Georgia,2112,2014,54236.0,2199.0
Georgia,2112,2015,55468.0,1531.0
Georgia,2112,2016,57738.0,1811.0
Georgia,2112,2017,60206.0,2570.0
Georgia,2112,2018,57542.0,2095.0
Georgia,2112,2019,57335.0,1804.0
Georgia,2112,2020,58952.0,2080.0
Hawaii,2855,1999,69358.0,
Hawaii,2855,2000,77696.0,1798.0
Hawaii,2855,2001,69526.0,1841.0
Hawaii,2855,2002,68251.0,1978.0
Hawaii,2855,2003,73128.0,1879.0
Hawaii,2855,2004,77259.0,2322.0
Hawaii,2855,2005,79171.0,1610.0
Hawaii,2855,2006,77823.0,2022.0
Hawaii,2855,2007,80122.0,2659.0
Hawaii,2855,2008,74144.0,1785.0
Hawaii,2855,2009,67301.0,2447.0
Hawaii,2855,2010,70837.0,3249.0
Hawaii,2855,2011,68105.0,2919.0
Hawaii,2855,2012,63548.0,2547.0
Hawaii,2855,2013,71493.0,4361.0
Hawaii,2855,2014,77951.0,2929.0
Hawaii,2855,2015,70486.0,3103.0
Hawaii,2855,2016,77807.0,2707.0
Hawaii,2855,2017,77692.0,2352.0
Hawaii,2855,2018,82578.0,3589.0
Hawaii,2855,2019,89105.0,3610.0
Hawaii,2855,2020,80729.0,2487.0
Idaho,2202,1999,55793.0,
Idaho,2202,2000,56692.0,1797.0
Idaho,2202,2001,56046.0,1416.0
Idaho,2202,2002,54417.0,1617.0
Idaho,2202,2003,59779.0,1385.0
Idaho,2202,2004,60934.0,1905.0
Idaho,2202,2005,58696.0,1666.0
Idaho,2202,2006,59475.0,1689.0
Idaho,2202,2007,61553.0,1616.0
Idaho,2202,2008,57150.0,2026.0
Idaho,2202,2009,56573.0,1529.0
Idaho,2202,2010,55978.0,2224.0
Idaho,2202,2011,54739.0,4023.0
Idaho,2202,2012,54127.0,3584.0
Idaho,2202,2013,53943.0,6104.0
Idaho,2202,2014,58486.0,2815.0
Idaho,2202,2015,56403.0,1377.0
Idaho,2202,2016,61014.0,1360.0
Idaho,2202,2017,63577.0,2534.0
Idaho,2202,2018,60538.0,2479.0
Idaho,2202,2019,66812.0,2179.0
Idaho,2202,2020,66499.0,1961.0
Illinois,1602,1999,72204.0,
Illinois,1602,2000,69433.0,1456.0
Illinois,1602,2001,67668.0,1288.0
Illinois,1602,2002,61624.0,1235.0
Illinois,1602,2003,63702.0,1512.0
Illinois,1602,2004,63296.0,1131.0
Illinois,1602,2005,64306.0,1310.0
Illinois,1602,2006,62638.0,1502.0
Illinois,1602,2007,65710.0,1189.0
Illinois,1602,2008,64181.0,1597.0
Illinois,1602,2009,63940.0,1138.0
Illinois,1602,2010,60354.0,1754.0
Illinois,1602,2011,58405.0,1585.0
Illinois,1602,2012,58437.0,1500.0
Illinois,1602,2013,60031.0,3658.0
Illinois,1602,2014,60103.0,1778.0
Illinois,1602,2015,66006.0,2184.0
Illinois,1602,2016,66215.0,1900.0
Illinois,1602,2017,68224.0,2111.0
Illinois,1602,2018,72307.0,2322.0
Illinois,1602,2019,75328.0,2658.0
Illinois,1602,2020,73753.0,2335.0
Indiana,2679,1999,63645.0,
Indiana,2679,2000,61596.0,1023.0
Indiana,2679,2001,59179.0,1389.0
Indiana,2679,2002,59225.0,1079.0
Indiana,2679,2003,59853.0,1353.0
Indiana,2679,2004,58147.0,1581.0
Indiana,2679,2005,56385.0,1462.0
Indiana,2679,2006,58437.0,1591.0
Indiana,2679,2007,59386.0,1571.0
Indiana,2679,2008,56065.0,1428.0
Indiana,2679,2009,53582.0,1312.0
Indiana,2679,2010,54894.0,3061.0
Indiana,2679,2011,51263.0,2663.0
Indiana,2679,2012,52135.0,2018.0
Indiana,2679,2013,55043.0,5017.0
Indiana,2679,2014,52600.0,2127.0
Indiana,2679,2015,56795.0,1838.0
Indiana,2679,2016,60507.0,3103.0
Indiana,2679,2017,62167.0,2139.0
Indiana,2679,2018,61738.0,2059.0
Indiana,2679,2019,67526.0,3151.0
Indiana,2679,2020,66360.0,4086.0
Iowa,1761,1999,64050.0,
Iowa,1761,2000,61786.0,1222.0
Iowa,1761,2001,60054.0,1661.0
Iowa,1761,2002,59227.0,1662.0
Iowa,1761,2003,58385.0,1247.0
Iowa,1761,2004,59606.0,2089.0
Iowa,1761,2005,61784.0,1779.0
Iowa,1761,2006,61937.0,1919.0
Iowa,1761,2007,61207.0,1816.0
Iowa,1761,2008,60430.0,1558.0
Iowa,1761,2009,61342.0,1856.0
Iowa,1761,2010,58317.0,1597.0
Iowa,1761,2011,57923.0,2277.0
Iowa,1761,2012,60362.0,2415.0
Iowa,1761,2013,66953.0,6827.0
Iowa,1761,2014,63271.0,3749.0
Iowa,1761,2015,66489.0,3578.0
Iowa,1761,2016,63743.0,2679.0
Iowa,1761,2017,67033.0,5820.0
Iowa,1761,2018,70836.0,3000.0
Iowa,1761,2019,66879.0,4059.0
Iowa,1761,2020,68469.0,3475.0
Kansas,3238,1999,58205.0,
Kansas,3238,2000,61889.0,1761.0
Kansas,3238,2001,60697.0,1634.0
Kansas,3238,2002,61493.0,1511.0
Kansas,3238,2003,62403.0,1871.0
Kansas,3238,2004,56412.0,2403.0
Kansas,3238,2005,55841.0,1309.0
Kansas,3238,2006,58624.0,1611.0
Kansas,3238,2007,60693.0,2259.0
Kansas,3238,2008,57701.0,1699.0
Kansas,3238,2009,54080.0,2162.0
Kansas,3238,2010,54793.0,2161.0
Kansas,3238,2011,53226.0,2249.0
Kansas,3238,2012,56477.0,2047.0
Kansas,3238,2013,53223.0,5004.0
Kansas,3238,2014,58492.0,3133.0
Kansas,3238,2015,59944.0,4076.0
Kansas,3238,2016,61279.0,3525.0
Kansas,3238,2017,61110.0,3060.0
Kansas,3238,2018,65909.0,2089.0
Kansas,3238,2019,74065.0,4383.0
Kansas,3238,2020,72815.0,3671.0
Kentucky,2313,1999,52579.0,
Kentucky,2313,2000,54663.0,1278.0
Kentucky,2313,2001,56333.0,1479.0
Kentucky,2313,2002,53042.0,1261.0
Kentucky,2313,2003,52110.0,1209.0
Kentucky,2313,2004,48917.0,1673.0
Kentucky,2313,2005,48761.0,1193.0
Kentucky,2313,2006,50816.0,1353.0
Kentucky,2313,2007,49373.0,1516.0
Kentucky,2313,2008,49591.0,979.0
Kentucky,2313,2009,51597.0,1588.0
Kentucky,2313,2010,48904.0,3359.0
Kentucky,2313,2011,45970.0,2130.0
Kentucky,2313,2012,46406.0,2146.0
Kentucky,2313,2013,49950.0,4367.0
Kentucky,2313,2014,46828.0,1729.0
Kentucky,2313,2015,46311.0,2479.0
Kentucky,2313,2016,48938.0,2163.0
Kentucky,2313,2017,54221.0,1440.0
Kentucky,2313,2018,56237.0,3781.0
Kentucky,2313,2019,56357.0,2585.0
Kentucky,2313,2020,56525.0,2361.0
Louisiana,1939,1999,50890.0,
Louisiana,1939,2000,46302.0,1248.0
Louisiana,1939,2001,48836.0,1751.0
Louisiana,1939,2002,49068.0,1815.0
Louisiana,1939,2003,47272.0,1556.0
Louisiana,1939,2004,50042.0,1708.0
Louisiana,1939,2005,49475.0,1723.0
Louisiana,1939,2006,46959.0,1834.0
Louisiana,1939,2007,51702.0,1173.0
Louisiana,1939,2008,47681.0,1791.0
Louisiana,1939,2009,54946.0,2193.0
Louisiana,1939,2010,46758.0,3864.0
Louisiana,1939,2011,46895.0,2225.0
Louisiana,1939,2012,44146.0,1820.0
Louisiana,1939,2013,51671.0,2830.0
Louisiana,1939,2014,46412.0,2038.0
Louisiana,1939,2015,50173.0,2338.0
Louisiana,1939,2016,45515.0,1291.0
Louisiana,1939,2017,46360.0,1534.0
Louisiana,1939,2018,51514.0,1808.0
Louisiana,1939,2019,52352.0,1430.0
Louisiana,1939,2020,50935.0,1637.0
Maine,2056,1999,60565.0,
Maine,2056,2000,56172.0,1286.0
Maine,2056,2001,53658.0,1395.0
Maine,2056,2002,53173.0,1221.0
Maine,2056,2003,52359.0,1333.0
Maine,2056,2004,56773.0,1680.0
Maine,2056,2005,58360.0,1904.0
Maine,2056,2006,58740.0,2313.0
Maine,2056,2007,59938.0,1750.0
Maine,2056,2008,56918.0,1731.0
Maine,2056,2009,57448.0,2103.0
Maine,2056,2010,57027.0,2007.0
Maine,2056,2011,57316.0,2287.0
Maine,2056,2012,55523.0,2538.0
Maine,2056,2013,61167.0,4299.0
Maine,2056,2014,56594.0,2376.0
Maine,2056,2015,55455.0,2108.0
Maine,2056,2016,54857.0,3609.0
Maine,2056,2017,54555.0,2266.0
Maine,2056,2018,60471.0,5858.0
Maine,2056,2019,67377.0,5064.0
Maine,2056,2020,63440.0,3198.0
Maryland,3455,1999,81360.0,
Maryland,3455,2000,82201.0,2110.0
Maryland,3455,2001,78453.0,2421.0
Maryland,3455,2002,81387.0,2210.0
Maryland,3455,2003,73805.0,1725.0
Maryland,3455,2004,78442.0,2324.0
Maryland,3455,2005,80401.0,1962.0
Maryland,3455,2006,81939.0,2060.0
Maryland,3455,2007,82134.0,2079.0
Maryland,3455,2008,76784.0,2132.0
Maryland,3455,2009,77626.0,2025.0
Maryland,3455,2010,76384.0,2733.0
Maryland,3455,2011,79442.0,2451.0
Maryland,3455,2012,81137.0,2091.0
Maryland,3455,2013,77189.0,3306.0
Maryland,3455,2014,83359.0,4676.0
Maryland,3455,2015,80407.0,2941.0
Maryland,3455,2016,79562.0,2795.0
Maryland,3455,2017,85621.0,3856.0
Maryland,3455,2018,88881.0,3434.0
Maryland,3455,2019,96765.0,3325.0
Maryland,3455,2020,94384.0,4208.0
Massachusetts,3153,1999,68580.0,
Massachusetts,3153,2000,70472.0,2045.0
Massachusetts,3153,2001,76581.0,2225.0
Massachusetts,3153,2002,71933.0,1664.0
Massachusetts,3153,2003,71888.0,1344.0
Massachusetts,3153,2004,71458.0,2290.0
Massachusetts,3153,2005,74429.0,2331.0
Massachusetts,3153,2006,71208.0,2676.0
Massachusetts,3153,2007,73165.0,2792.0
Massachusetts,3153,2008,72697.0,2017.0
Massachusetts,3153,2009,71805.0,2115.0
Massachusetts,3153,2010,72497.0,2609.0
Massachusetts,3153,2011,73025.0,3721.0
Massachusetts,3153,2012,71898.0,4262.0
Massachusetts,3153,2013,69594.0,5902.0
Massachusetts,3153,2014,69116.0,2913.0
Massachusetts,3153,2015,74143.0,3048.0
Massachusetts,3153,2016,77951.0,3140.0
Massachusetts,3153,2017,77324.0,3514.0
Massachusetts,3153,2018,89007.0,2871.0
Massachusetts,3153,2019,88802.0,2863.0
Massachusetts,3153,2020,86725.0,6349.0
Michigan,1599,1999,71828.0,
Michigan,1599,2000,68601.0,1651.0
Michigan,1599,2001,66020.0,1272.0
Michigan,1599,2002,61631.0,1609.0
Michigan,1599,2003,63517.0,1340.0
Michigan,1599,2004,58047.0,1179.0
Michigan,1599,2005,61031.0,1216.0
Michigan,1599,2006,62607.0,1243.0
Michigan,1599,2007,61785.0,999.0
Michigan,1599,2008,60004.0,1391.0
Michigan,1599,2009,55625.0,1213.0
Michigan,1599,2010,55057.0,2067.0
Michigan,1599,2011,56377.0,2127.0
Michigan,1599,2012,56491.0,1711.0
Michigan,1599,2013,62959.0,1766.0
Michigan,1599,2014,56917.0,1312.0
Michigan,1599,2015,59221.0,2191.0
Michigan,1599,2016,61582.0,2058.0
Michigan,1599,2017,60929.0,2468.0
Michigan,1599,2018,62312.0,1965.0
Michigan,1599,2019,64920.0,1701.0
Michigan,1599,2020,63829.0,3320.0
Minnesota,2380,1999,73307.0,
Minnesota,2380,2000,81773.0,2567.0
Minnesota,2380,2001,77209.0,1662.0
Minnesota,2380,2002,78811.0,1726.0
Minnesota,2380,2003,74523.0,1732.0
Minnesota,2380,2004,77070.0,1470.0
Minnesota,2380,2005,72035.0,1653.0
Minnesota,2380,2006,72342.0,1568.0
Minnesota,2380,2007,72658.0,2363.0
Minnesota,2380,2008,66195.0,1720.0
Minnesota,2380,2009,67835.0,1496.0
Minnesota,2380,2010,62250.0,1911.0
Minnesota,2380,2011,66690.0,2745.0
Minnesota,2380,2012,69796.0,1512.0
Minnesota,2380,2013,71592.0,4443.0
Minnesota,2380,2014,73596.0,3510.0
Minnesota,2380,2015,75093.0,3347.0
Minnesota,2380,2016,75742.0,4363.0
Minnesota,2380,2017,75944.0,3158.0
Minnesota,2380,2018,74031.0,3769.0
Minnesota,2380,2019,82443.0,3025.0
Minnesota,2380,2020,78461.0,3498.0
Mississippi,2194,1999,50616.0,
Mississippi,2194,2000,51699.0,2041.0
Mississippi,2194,2001,44204.0,1738.0
Mississippi,2194,2002,44558.0,1105.0
Mississippi,2194,2003,46173.0,1570.0
Mississippi,2194,2004,47743.0,1555.0
Mississippi,2194,2005,43681.0,1717.0
Mississippi,2194,2006,44700.0,2037.0
Mississippi,2194,2007,46654.0,1190.0
Mississippi,2194,2008,43924.0,1000.0
Mississippi,2194,2009,42423.0,1577.0
Mississippi,2194,2010,45401.0,3367.0
Mississippi,2194,2011,47393.0,2729.0
Mississippi,2194,2012,41385.0,1746.0
Mississippi,2194,2013,35992.0,3038.0
Mississippi,2194,2014,38876.0,1416.0
Mississippi,2194,2015,43743.0,1170.0
Mississippi,2194,2016,44332.0,1322.0
Mississippi,2194,2017,45872.0,2327.0
Mississippi,2194,2018,44100.0,2375.0
Mississippi,2194,2019,45346.0,3034.0
Mississippi,2194,2020,44966.0,2695.0
Missouri,1856,1999,64494.0,
Missouri,1856,2000,67975.0,1789.0
Missouri,1856,2001,60586.0,1765.0
Missouri,1856,2002,61719.0,1550.0
Missouri,1856,2003,61740.0,1234.0
Missouri,1856,2004,57883.0,1474.0
Missouri,1856,2005,57115.0,1314.0
Missouri,1856,2006,57372.0,1804.0
Missouri,1856,2007,57574.0,1382.0
Missouri,1856,2008,55484.0,1381.0
Missouri,1856,2009,58981.0,1929.0
Missouri,1856,2010,54511.0,2566.0
Missouri,1856,2011,52796.0,2488.0
Missouri,1856,2012,56208.0,2306.0
Missouri,1856,2013,51535.0,4601.0
Missouri,1856,2014,61979.0,3316.0
Missouri,1856,2015,64676.0,2848.0
Missouri,1856,2016,59344.0,1854.0
Missouri,1856,2017,60068.0,2757.0
Missouri,1856,2018,63629.0,2517.0
Missouri,1856,2019,61353.0,2969.0
Missouri,1856,2020,61901.0,2594.0
Montana,1505,1999,48372.0,
Montana,1505,2000,49405.0,1509.0
Montana,1505,2001,47084.0,1080.0
Montana,1505,2002,50262.0,1749.0
Montana,1505,2003,48120.0,1505.0
Montana,1505,2004,46645.0,974.0
Montana,1505,2005,49577.0,1543.0
Montana,1505,2006,52901.0,897.0
Montana,1505,2007,54633.0,2126.0
Montana,1505,2008,51702.0,2126.0
Montana,1505,2009,48904.0,1212.0
Montana,1505,2010,49113.0,2197.0
Montana,1505,2011,46456.0,2348.0
Montana,1505,2012,50926.0,2897.0
Montana,1505,2013,48082.0,6618.0
Montana,1505,2014,55929.0,1946.0
Montana,1505,2015,56153.0,3209.0
Montana,1505,2016,61565.0,3107.0
Montana,1505,2017,62393.0,2734.0
Montana,1505,2018,59457.0,2965.0
Montana,1505,2019,60946.0,2322.0
Montana,1505,2020,56442.0,2479.0
Nebraska,2129,1999,60197.0,
Nebraska,2129,2000,62930.0,1534.0
Nebraska,2129,2001,63916.0,1636.0
Nebraska,2129,2002,61748.0,1498.0
Nebraska,2129,2003,62039.0,1843.0
Nebraska,2129,2004,60149.0,1830.0
Nebraska,2129,2005,63675.0,1923.0
Nebraska,2129,2006,61961.0,1918.0
Nebraska,2129,2007,61540.0,1726.0
Nebraska,2129,2008,61137.0,1511.0
Nebraska,2129,2009,59980.0,2004.0
Nebraska,2129,2010,62467.0,2095.0
Nebraska,2129,2011,64148.0,3106.0
Nebraska,2129,2012,58954.0,3048.0
Nebraska,2129,2013,64134.0,4693.0
Nebraska,2129,2014,62242.0,2467.0
Nebraska,2129,2015,66072.0,3209.0
Nebraska,2129,2016,64045.0,2889.0
Nebraska,2129,2017,62955.0,3007.0
Nebraska,2129,2018,69658.0,4054.0
Nebraska,2129,2019,73983.0,3300.0
Nebraska,2129,2020,72024.0,2409.0
Nevada,2749,1999,64615.0,
Nevada,2749,2000,68972.0,1524.0
Nevada,2749,2001,66542.0,1656.0
Nevada,2749,2002,64867.0,1675.0
Nevada,2749,2003,63746.0,2192.0
Nevada,2749,2004,64844.0,1898.0
Nevada,2749,2005,64055.0,2232.0
Nevada,2749,2006,67285.0,1611.0
Nevada,2749,2007,67652.0,1619.0
Nevada,2749,2008,65977.0,3203.0
Nevada,2749,2009,62204.0,1327.0
Nevada,2749,2010,60916.0,2287.0
Nevada,2749,2011,54260.0,3078.0
Nevada,2749,2012,53462.0,2861.0
Nevada,2749,2013,57704.0,3537.0
Nevada,2749,2014,54586.0,2009.0
Nevada,2749,2015,56823.0,2482.0
Nevada,2749,2016,59791.0,2305.0
Nevada,2749,2017,59714.0,3209.0
Nevada,2749,2018,63771.0,2181.0
Nevada,2749,2019,71791.0,3508.0
Nevada,2749,2020,60956.0,2448.0
New Hampshire,3042,1999,71775.0,
New Hampshire,3042,2000,76762.0,1874.0
New Hampshire,3042,2001,75230.0,1054.0
New Hampshire,3042,2002,79820.0,1860.0
New Hampshire,3042,2003,78394.0,1840.0
New Hampshire,3042,2004,78046.0,1819.0
New Hampshire,3042,2005,75714.0,2692.0
New Hampshire,3042,2006,79753.0,1903.0
New Hampshire,3042,2007,84570.0,2310.0
New Hampshire,3042,2008,79754.0,3861.0
New Hampshire,3042,2009,77559.0,2245.0
New Hampshire,3042,2010,79277.0,1964.0
New Hampshire,3042,2011,75986.0,1905.0
New Hampshire,3042,2012,76600.0,2512.0
New Hampshire,3042,2013,76907.0,4415.0
New Hampshire,3042,2014,80330.0,3560.0
New Hampshire,3042,2015,82681.0,3845.0
New Hampshire,3042,2016,82259.0,3142.0
New Hampshire,3042,2017,78987.0,3211.0
New Hampshire,3042,2018,83854.0,3499.0
New Hampshire,3042,2019,87984.0,2755.0
New Hampshire,3042,2020,88235.0,3325.0
New Jersey,2190,1999,77509.0,
New Jersey,2190,2000,75976.0,1494.0
New Jersey,2190,2001,75875.0,1367.0
New Jersey,2190,2002,78733.0,2316.0
New Jersey,2190,2003,79069.0,1443.0
New Jersey,2190,2004,75931.0,1762.0
New Jersey,2190,2005,84196.0,2999.0
New Jersey,2190,2006,87590.0,2547.0
New Jersey,2190,2007,75724.0,1825.0
New Jersey,2190,2008,78706.0,2768.0
New Jersey,2190,2009,78341.0,2321.0
New Jersey,2190,2010,74917.0,2907.0
New Jersey,2190,2011,71901.0,3493.0
New Jersey,2190,2012,75327.0,2214.0
New Jersey,2190,2013,70958.0,4968.0
New Jersey,2190,2014,71406.0,2947.0
New Jersey,2190,2015,74685.0,3422.0
New Jersey,2190,2016,73854.0,3093.0
New Jersey,2190,2017,77082.0,3167.0
New Jersey,2190,2018,76463.0,2933.0
New Jersey,2190,2019,88821.0,4119.0
New Jersey,2190,2020,85239.0,4164.0
New Mexico,2721,1999,50765.0,
New Mexico,2721,2000,52896.0,1881.0
New Mexico,2721,2001,48546.0,1814.0
New Mexico,2721,2002,51159.0,1531.0
New Mexico,2721,2003,49526.0,1611.0
New Mexico,2721,2004,54346.0,2176.0
New Mexico,2721,2005,51748.0,2259.0
New Mexico,2721,2006,51515.0,1618.0
New Mexico,2721,2007,55511.0,1845.0
New Mexico,2721,2008,50741.0,1664.0
New Mexico,2721,2009,52659.0,1807.0
New Mexico,2721,2010,53699.0,3588.0
New Mexico,2721,2011,48422.0,2484.0
New Mexico,2721,2012,49047.0,2561.0
New Mexico,2721,2013,44704.0,4906.0
New Mexico,2721,2014,51096.0,3625.0
New Mexico,2721,2015,49296.0,3152.0
New Mexico,2721,2016,52262.0,3194.0
New Mexico,2721,2017,50533.0,2079.0
New Mexico,2721,2018,49771.0,2270.0
New Mexico,2721,2019,53776.0,2224.0
New Mexico,2721,2020,50822.0,1732.0
New York,1370,1999,62321.0,
New York,1370,2000,61414.0,876.0
New York,1370,2001,61722.0,879.0
New York,1370,2002,60550.0,837.0
New York,1370,2003,60366.0,1230.0
New York,1370,2004,61334.0,1088.0
New York,1370,2005,62682.0,1099.0
New York,1370,2006,62060.0,1273.0
New York,1370,2007,61252.0,1149.0
New York,1370,2008,60815.0,822.0
New York,1370,2009,60731.0,724.0
New York,1370,2010,59228.0,1570.0
New York,1370,2011,58404.0,1160.0
New York,1370,2012,53854.0,1790.0
New York,1370,2013,55612.0,2523.0
New York,1370,2014,59440.0,1949.0
New York,1370,2015,63375.0,2409.0
New York,1370,2016,66270.0,1516.0
New York,1370,2017,65941.0,2210.0
New York,1370,2018,69348.0,1775.0
New York,1370,2019,72752.0,1721.0
New York,1370,2020,68304.0,2384.0
North Carolina,1496,1999,58059.0,
North Carolina,1496,2000,57756.0,1215.0
North Carolina,1496,2001,55930.0,1394.0
North Carolina,1496,2002,52686.0,1033.0
North Carolina,1496,2003,52593.0,1328.0
North Carolina,1496,2004,55275.0,1115.0
North Carolina,1496,2005,55879.0,1281.0
North Carolina,1496,2006,51217.0,1049.0
North Carolina,1496,2007,54456.0,1342.0
North Carolina,1496,2008,51739.0,1020.0
North Carolina,1496,2009,50681.0,697.0
North Carolina,1496,2010,52147.0,2288.0
North Carolina,1496,2011,52141.0,1799.0
North Carolina,1496,2012,46933.0,1462.0
North Carolina,1496,2013,51573.0,3310.0
North Carolina,1496,2014,51203.0,1872.0
North Carolina,1496,2015,55500.0,1467.0
North Carolina,1496,2016,57993.0,1757.0
North Carolina,1496,2017,53160.0,1858.0
North Carolina,1496,2018,55014.0,1815.0
North Carolina,1496,2019,61922.0,1669.0
North Carolina,1496,2020,60266.0,1823.0
North Dakota,2155,1999,50904.0,
North Dakota,2155,2000,54257.0,1605.0
North Dakota,2155,2001,52458.0,1178.0
North Dakota,2155,2002,52231.0,1189.0
North Dakota,2155,2003,57011.0,1202.0
North Dakota,2155,2004,53876.0,1718.0
North Dakota,2155,2005,56060.0,1622.0
North Dakota,2155,2006,52826.0,1808.0
North Dakota,2155,2007,59076.0,1602.0
North Dakota,2155,2008,59815.0,1432.0
North Dakota,2155,2009,60560.0,2102.0
North Dakota,2155,2010,60685.0,2750.0
North Dakota,2155,2011,65007.0,3414.0
North Dakota,2155,2012,62987.0,2398.0
North Dakota,2155,2013,65836.0,3841.0
North Dakota,2155,2014,66466.0,3434.0
North Dakota,2155,2015,62730.0,3532.0
North Dakota,2155,2016,64918.0,2470.0
North Dakota,2155,2017,63237.0,1770.0
North Dakota,2155,2018,68555.0,3190.0
North Dakota,2155,2019,70905.0,3210.0
North Dakota,2155,2020,63657.0,2312.0
Ohio,1541,1999,61542.0,
Ohio,1541,2000,64757.0,1103.0
Ohio,1541,2001,61240.0,969.0
Ohio,1541,2002,61586.0,1121.0
Ohio,1541,2003,61398.0,1312.0
Ohio,1541,2004,59144.0,1342.0
Ohio,1541,2005,58732.0,1390.0
Ohio,1541,2006,59072.0,815.0
Ohio,1541,2007,61446.0,1358.0
Ohio,1541,2008,56564.0,1022.0
Ohio,1541,2009,55486.0,757.0
Ohio,1541,2010,54593.0,1776.0
Ohio,1541,2011,51497.0,1384.0
Ohio,1541,2012,50121.0,1946.0
Ohio,1541,2013,56482.0,2725.0
Ohio,1541,2014,54333.0,1525.0
Ohio,1541,2015,58235.0,2138.0
Ohio,1541,2016,58232.0,2043.0
Ohio,1541,2017,63112.0,1996.0
Ohio,1541,2018,63533.0,2323.0
Ohio,1541,2019,65470.0,3049.0
Ohio,1541,2020,60110.0,1577.0
Oklahoma,2324,1999,50935.0,
Oklahoma,2324,2000,48885.0,1069.0
Oklahoma,2324,2001,52188.0,1011.0
Oklahoma,2324,2002,52603.0,884.0
Oklahoma,2324,2003,50651.0,1102.0
Oklahoma,2324,2004,54418.0,1541.0
Oklahoma,2324,2005,50018.0,1925.0
Oklahoma,2324,2006,49983.0,2055.0
Oklahoma,2324,2007,54084.0,1818.0
Oklahoma,2324,2008,55572.0,1122.0
Oklahoma,2324,2009,55484.0,1377.0
Oklahoma,2324,2010,51282.0,2466.0
Oklahoma,2324,2011,55888.0,2762.0
Oklahoma,2324,2012,54675.0,3186.0
Oklahoma,2324,2013,51378.0,3831.0
Oklahoma,2324,2014,51657.0,3037.0
Oklahoma,2324,2015,51435.0,2116.0
Oklahoma,2324,2016,54950.0,1782.0
Oklahoma,2324,2017,58084.0,3276.0
Oklahoma,2324,2018,56112.0,2860.0
Oklahoma,2324,2019,60138.0,2386.0
Oklahoma,2324,2020,52341.0,1785.0
Oregon,1951,1999,63303.0,
Oregon,1951,2000,64059.0,1411.0
Oregon,1951,2001,60489.0,1102.0
Oregon,1951,2002,60314.0,1234.0
Oregon,1951,2003,58743.0,1361.0
Oregon,1951,2004,56313.0,1444.0
Oregon,1951,2005,58673.0,1848.0
Oregon,1951,2006,60605.0,1797.0
Oregon,1951,2007,62869.0,1698.0
Oregon,1951,2008,62341.0,1656.0
Oregon,1951,2009,59379.0,1988.0
Oregon,1951,2010,60204.0,1791.0
Oregon,1951,2011,59430.0,1854.0
Oregon,1951,2012,58479.0,2632.0
Oregon,1951,2013,54536.0,3213.0
Oregon,1951,2014,64436.0,3281.0
Oregon,1951,2015,66466.0,2594.0
Oregon,1951,2016,63787.0,2828.0
Oregon,1951,2017,68225.0,3016.0
Oregon,1951,2018,71297.0,3768.0
Oregon,1951,2019,75342.0,5746.0
Oregon,1951,2020,76554.0,3465.0
Pennsylvania,1778,1999,58844.0,
Pennsylvania,1778,2000,63573.0,1061.0
Pennsylvania,1778,2001,63752.0,1060.0
Pennsylvania,1778,2002,61318.0,1147.0
Pennsylvania,1778,2003,60570.0,1098.0
Pennsylvania,1778,2004,60588.0,1427.0
Pennsylvania,1778,2005,61518.0,990.0
Pennsylvania,1778,2006,62388.0,1118.0
Pennsylvania,1778,2007,60618.0,1166.0
Pennsylvania,1778,2008,61949.0,710.0
Pennsylvania,1778,2009,58259.0,1133.0
Pennsylvania,1778,2010,57482.0,1794.0
Pennsylvania,1778,2011,57566.0,1954.0
Pennsylvania,1778,2012,58625.0,1587.0
Pennsylvania,1778,2013,61388.0,3268.0
Pennsylvania,1778,2014,60385.0,2480.0
Pennsylvania,1778,2015,65980.0,2433.0
Pennsylvania,1778,2016,65776.0,2196.0
Pennsylvania,1778,2017,66708.0,2907.0
Pennsylvania,1778,2018,66513.0,1685.0
Pennsylvania,1778,2019,71463.0,3266.0
Pennsylvania,1778,2020,70117.0,3524.0
Rhode Island,3086,1999,66576.0,
Rhode Island,3086,2000,63604.0,1534.0
Rhode Island,3086,2001,67011.0,1681.0
Rhode Island,3086,2002,61201.0,1262.0
Rhode Island,3086,2003,63079.0,1762.0
Rhode Island,3086,2004,65848.0,2709.0
Rhode Island,3086,2005,65749.0,1935.0
Rhode Island,3086,2006,69157.0,2346.0
Rhode Island,3086,2007,67843.0,2314.0
Rhode Island,3086,2008,64165.0,2891.0
Rhode Island,3086,2009,62446.0,1749.0
Rhode Island,3086,2010,61419.0,2058.0
Rhode Island,3086,2011,56555.0,2633.0
Rhode Island,3086,2012,63324.0,2893.0
Rhode Island,3086,2013,62687.0,4287.0
Rhode Island,3086,2014,64171.0,4379.0
Rhode Island,3086,2015,60858.0,3548.0
Rhode Island,3086,2016,66368.0,3050.0
Rhode Island,3086,2017,70105.0,4445.0
Rhode Island,3086,2018,64186.0,3451.0
Rhode Island,3086,2019,71027.0,5042.0
Rhode Island,3086,2020,80012.0,3430.0
South Carolina,2693,1999,56825.0,
South Carolina,2693,2000,56630.0,1412.0
South Carolina,2693,2001,55306.0,1499.0
South Carolina,2693,2002,54557.0,1766.0
South Carolina,2693,2003,54286.0,1582.0
South Carolina,2693,2004,53150.0,1403.0
South Carolina,2693,2005,53453.0,1600.0
South Carolina,2693,2006,50986.0,1734.0
South Carolina,2693,2007,55332.0,1944.0
South Carolina,2693,2008,50805.0,1351.0
South Carolina,2693,2009,49707.0,1346.0
South Carolina,2693,2010,49611.0,1737.0
South Carolina,2693,2011,46233.0,1963.0
South Carolina,2693,2012,50150.0,2436.0
South Carolina,2693,2013,48485.0,2658.0
South Carolina,2693,2014,49173.0,2456.0
South Carolina,2693,2015,50652.0,2476.0
South Carolina,2693,2016,58610.0,3401.0
South Carolina,2693,2017,58047.0,2194.0
South Carolina,2693,2018,59215.0,2146.0
South Carolina,2693,2019,62803.0,1805.0
South Carolina,2693,2020,60097.0,2037.0
South Dakota,1471,1999,55837.0,
South Dakota,1471,2000,54979.0,1036.0
South Dakota,1471,2001,58141.0,1255.0
South Dakota,1471,2002,54645.0,1375.0
South Dakota,1471,2003,55758.0,1416.0
South Dakota,1471,2004,56468.0,1367.0
South Dakota,1471,2005,57334.0,1819.0
South Dakota,1471,2006,58463.0,2112.0
South Dakota,1471,2007,58091.0,1126.0
South Dakota,1471,2008,62188.0,1199.0
South Dakota,1471,2009,55422.0,1559.0
South Dakota,1471,2010,53958.0,2433.0
South Dakota,1471,2011,54467.0,2476.0
South Dakota,1471,2012,55813.0,1926.0
South Dakota,1471,2013,59448.0,3247.0
South Dakota,1471,2014,58064.0,3877.0
South Dakota,1471,2015,60163.0,2845.0
South Dakota,1471,2016,61969.0,3317.0
South Dakota,1471,2017,60078.0,3836.0
South Dakota,1471,2018,61296.0,2723.0
South Dakota,1471,2019,65057.0,3823.0
South Dakota,1471,2020,69787.0,4317.0
Tennessee,2042,1999,56918.0,
Tennessee,2042,2000,51393.0,1402.0
Tennessee,2042,2001,52443.0,1159.0
Tennessee,2042,2002,53429.0,1603.0
Tennessee,2042,2003,52938.0,1666.0
Tennessee,2042,2004,52299.0,1452.0
Tennessee,2042,2005,52358.0,1582.0
Tennessee,2042,2006,52371.0,972.0
Tennessee,2042,2007,51555.0,1397.0
Tennessee,2042,2008,47848.0,1459.0
Tennessee,2042,2009,49001.0,1195.0
Tennessee,2042,2010,45914.0,1496.0
Tennessee,2042,2011,48765.0,2948.0
Tennessee,2042,2012,48562.0,2719.0
Tennessee,2042,2013,48260.0,3823.0
Tennessee,2042,2014,47845.0,2546.0
Tennessee,2042,2015,51712.0,1866.0
Tennessee,2042,2016,55383.0,1496.0
Tennessee,2042,2017,58331.0,2283.0
Tennessee,2042,2018,57788.0,1486.0
Tennessee,2042,2019,57334.0,2801.0
Tennessee,2042,2020,54665.0,1803.0
Texas,1590,1999,60294.0,
Texas,1590,2000,58196.0,1183.0
Texas,1590,2001,59884.0,750.0
Texas,1590,2002,57929.0,812.0
Texas,1590,2003,55404.0,1075.0
Texas,1590,2004,56867.0,754.0
Texas,1590,2005,55037.0,558.0
Texas,1590,2006,55735.0,1066.0
Texas,1590,2007,57634.0,876.0
Texas,1590,2008,56029.0,812.0
Texas,1590,2009,57416.0,899.0
Texas,1590,2010,56235.0,1379.0
Texas,1590,2011,56571.0,1330.0
Texas,1590,2012,58649.0,1073.0
Texas,1590,2013,57215.0,1514.0
Texas,1590,2014,58964.0,1471.0
Texas,1590,2015,61701.0,1408.0
Texas,1590,2016,62720.0,1518.0
Texas,1590,2017,62613.0,1797.0
Texas,1590,2018,61628.0,1414.0
Texas,1590,2019,68286.0,1791.0
Texas,1590,2020,68093.0,1914.0
United States,296,1999,63423.0,
United States,296,2000,63292.0,199.0
United States,296,2001,61889.0,189.0
United States,296,2002,61190.0,201.0
United States,296,2003,61113.0,265.0
United States,296,2004,60901.0,269.0
United States,296,2005,61553.0,206.0
United States,296,2006,62033.0,266.0
United States,296,2007,62865.0,175.0
United States,296,2008,60624.0,165.0
United States,296,2009,60200.0,258.0
United States,296,2010,58627.0,387.0
United States,296,2011,57732.0,290.0
United States,296,2012,57623.0,236.0
United States,296,2013,59640.0,728.0
United States,296,2014,58725.0,429.0
United States,296,2015,61748.0,351.0
United States,296,2016,63683.0,470.0
United States,296,2017,64806.0,354.0
United States,296,2018,65127.0,433.0
United States,296,2019,69560.0,557.0
United States,296,2020,67521.0,475.0
Utah,2517,1999,71767.0,
Utah,2517,2000,71673.0,1569.0
Utah,2517,2001,69384.0,2346.0
Utah,2517,2002,69056.0,1654.0
Utah,2517,2003,69518.0,1273.0
Utah,2517,2004,69881.0,1273.0
Utah,2517,2005,72829.0,1731.0
Utah,2517,2006,70305.0,2151.0
Utah,2517,2007,66990.0,1524.0
Utah,2517,2008,75369.0,1839.0
Utah,2517,2009,70738.0,1921.0
Utah,2517,2010,67461.0,2334.0
Utah,2517,2011,64006.0,1913.0
Utah,2517,2012,65895.0,3325.0
Utah,2517,2013,67945.0,1728.0
Utah,2517,2014,69370.0,3536.0
Utah,2517,2015,72392.0,2690.0
Utah,2517,2016,72789.0,2413.0
Utah,2517,2017,75310.0,2376.0
Utah,2517,2018,79443.0,2399.0
Utah,2517,2019,85578.0,3538.0
Utah,2517,2020,83670.0,2981.0
Vermont,2193,1999,64807.0,
Vermont,2193,2000,59681.0,1388.0
Vermont,2193,2001,59787.0,1384.0
Vermont,2193,2002,62041.0,1198.0
Vermont,2193,2003,61033.0,1378.0
Vermont,2193,2004,65016.0,1745.0
Vermont,2193,2005,67370.0,1739.0
Vermont,2193,2006,66898.0,1629.0
Vermont,2193,2007,59308.0,1750.0
Vermont,2193,2008,61110.0,1183.0
Vermont,2193,2009,63273.0,1739.0
Vermont,2193,2010,66541.0,2673.0
Vermont,2193,2011,59818.0,2315.0
Vermont,2193,2012,62779.0,3422.0
Vermont,2193,2013,72915.0,4466.0
Vermont,2193,2014,66442.0,3391.0
Vermont,2193,2015,65002.0,2865.0
Vermont,2193,2016,65623.0,1471.0
Vermont,2193,2017,67375.0,3308.0
Vermont,2193,2018,72226.0,2422.0
Vermont,2193,2019,75233.0,3123.0
Vermont,2193,2020,66902.0,4046.0
Virginia,2758,1999,71211.0,
Virginia,2758,2000,71090.0,1605.0
Virginia,2758,2001,73633.0,1682.0
Virginia,2758,2002,71610.0,1861.0
Virginia,2758,2003,77288.0,2205.0
Virginia,2758,2004,70252.0,1533.0
Virginia,2758,2005,68977.0,1574.0
Virginia,2758,2006,73510.0,2049.0
Virginia,2758,2007,74039.0,1708.0
Virginia,2758,2008,74703.0,1744.0
Virginia,2758,2009,73169.0,1443.0
Virginia,2758,2010,71822.0,2338.0
Virginia,2758,2011,72222.0,2045.0
Virginia,2758,2012,73001.0,2446.0
Virginia,2758,2013,73354.0,3050.0
Virginia,2758,2014,72404.0,3224.0
Virginia,2758,2015,67178.0,2665.0
Virginia,2758,2016,71678.0,2628.0
Virginia,2758,2017,75282.0,3459.0
Virginia,2758,2018,79529.0,3181.0
Virginia,2758,2019,82328.0,3094.0
Virginia,2758,2020,81947.0,3172.0
Washington,3242,1999,70868.0,
Washington,3242,2000,64099.0,1825.0
Washington,3242,2001,62273.0,1853.0
Washington,3242,2002,65192.0,1391.0
Washington,3242,2003,67025.0,1968.0
Washington,3242,2004,68578.0,1467.0
Washington,3242,2005,67293.0,1388.0
Washington,3242,2006,70427.0,1601.0
Washington,3242,2007,72686.0,2173.0
Washington,3242,2008,68251.0,2436.0
Washington,3242,2009,73038.0,1450.0
Washington,3242,2010,66821.0,2451.0
Washington,3242,2011,65571.0,2287.0
Washington,3242,2012,70239.0,2540.0
Washington,3242,2013,71145.0,3769.0
Washington,3242,2014,64647.0,2402.0
Washington,3242,2015,73468.0,3554.0
Washington,3242,2016,75841.0,2257.0
Washington,3242,2017,79638.0,3492.0
Washington,3242,2018,82184.0,3118.0
Washington,3242,2019,83483.0,2956.0
Washington,3242,2020,81083.0,3095.0
West Virginia,1791,1999,45658.0,
West Virginia,1791,2000,44332.0,972.0
West Virginia,1791,2001,43488.0,988.0
West Virginia,1791,2002,42361.0,1009.0
West Virginia,1791,2003,46222.0,1401.0
West Virginia,1791,2004,45844.0,1611.0
West Virginia,1791,2005,48424.0,1430.0
West Virginia,1791,2006,49444.0,1562.0
West Virginia,1791,2007,52676.0,1238.0
West Virginia,1791,2008,45790.0,1692.0
West Virginia,1791,2009,48968.0,1104.0
West Virginia,1791,2010,50894.0,2996.0
West Virginia,1791,2011,48237.0,2037.0
West Virginia,1791,2012,49192.0,3133.0
West Virginia,1791,2013,47935.0,3844.0
West Virginia,1791,2014,43288.0,2402.0
West Virginia,1791,2015,46789.0,3422.0
West Virginia,1791,2016,47843.0,2151.0
West Virginia,1791,2017,47932.0,1568.0
West Virginia,1791,2018,52132.0,1378.0
West Virginia,1791,2019,54376.0,3032.0
West Virginia,1791,2020,51615.0,2177.0
Wisconsin,2927,1999,71170.0,
Wisconsin,2927,2000,67962.0,1435.0
Wisconsin,2927,2001,66459.0,1646.0
Wisconsin,2927,2002,66231.0,1365.0
Wisconsin,2927,2003,65277.0,1380.0
Wisconsin,2927,2004,62822.0,1837.0
Wisconsin,2927,2005,59326.0,1565.0
Wisconsin,2927,2006,66526.0,1475.0
Wisconsin,2927,2007,64172.0,1302.0
Wisconsin,2927,2008,61705.0,1027.0
Wisconsin,2927,2009,61966.0,975.0
Wisconsin,2927,2010,59906.0,1707.0
Wisconsin,2927,2011,60044.0,2384.0
Wisconsin,2927,2012,59952.0,1930.0
Wisconsin,2927,2013,57571.0,2926.0
Wisconsin,2927,2014,63566.0,2357.0
Wisconsin,2927,2015,60556.0,1625.0
Wisconsin,2927,2016,64522.0,1990.0
Wisconsin,2927,2017,67001.0,3879.0
Wisconsin,2927,2018,64560.0,2102.0
Wisconsin,2927,2019,68196.0,2352.0
Wisconsin,2927,2020,67094.0,4690.0
Wyoming,2003,1999,58050.0,
Wyoming,2003,2000,59733.0,1592.0
Wyoming,2003,2001,58212.0,1709.0
Wyoming,2003,2002,57372.0,1408.0
Wyoming,2003,2003,60037.0,1411.0
Wyoming,2003,2004,62362.0,1574.0
Wyoming,2003,2005,59416.0,2004.0
Wyoming,2003,2006,60540.0,1934.0
Wyoming,2003,2007,61002.0,1706.0
Wyoming,2003,2008,64281.0,1901.0
Wyoming,2003,2009,63457.0,2577.0
Wyoming,2003,2010,62107.0,2595.0
Wyoming,2003,2011,62871.0,2626.0
Wyoming,2003,2012,64959.0,3185.0
Wyoming,2003,2013,75061.0,4439.0
Wyoming,2003,2014,60950.0,2210.0
Wyoming,2003,2015,66565.0,2211.0
Wyoming,2003,2016,62378.0,3368.0
Wyoming,2003,2017,61073.0,3309.0
Wyoming,2003,2018,64467.0,4012.0
Wyoming,2003,2019,65947.0,3820.0
Wyoming,2003,2020,65108.0,2152.0
