Fact,"Population estimates, July 1, 2016,  (V2016)","Population estimates base, April 1, 2010,  (V2016)","Population, percent change - April 1, 2010 (estimates base) to July 1, 2016,  (V2016)","Population, Census, April 1, 2010","Persons under 5 years, percent, July 1, 2016,  (V2016)","Persons under 5 years, percent, April 1, 2010","Persons under 18 years, percent, July 1, 2016,  (V2016)","Persons under 18 years, percent, April 1, 2010","Persons 65 years and over, percent,  July 1, 2016,  (V2016)","Persons 65 years and over, percent, April 1, 2010","Female persons, percent,  July 1, 2016,  (V2016)","Female persons, percent, April 1, 2010","White alone, percent, July 1, 2016,  (V2016)","Black or African American alone, percent, July 1, 2016,  (V2016)","American Indian and Alaska Native alone, percent, July 1, 2016,  (V2016)","Asian alone, percent, July 1, 2016,  (V2016)","Native Hawaiian and Other Pacific Islander alone, percent, July 1, 2016,  (V2016)","Two or More Races, percent, July 1, 2016,  (V2016)","Hispanic or Latino, percent, July 1, 2016,  (V2016)","White alone, not Hispanic or Latino, percent, July 1, 2016,  (V2016)","Veterans, 2011-2015","Foreign born persons, percent, 2011-2015","Housing units,  July 1, 2016,  (V2016)","Housing units, April 1, 2010","Owner-occupied housing unit rate, 2011-2015","Median value of owner-occupied housing units, 2011-2015","Median selected monthly owner costs -with a mortgage, 2011-2015","Median selected monthly owner costs -without a mortgage, 2011-2015","Median gross rent, 2011-2015","Building permits, 2016","Households, 2011-2015","Persons per household, 2011-2015","Living in same house 1 year ago, percent of persons age 1 year+, 2011-2015","Language other than English spoken at home, percent of persons age 5 years+, 2011-2015","High school graduate or higher, percent of persons age 25 years+, 2011-2015","Bachelor's degree or higher, percent of persons age 25 years+, 2011-2015","With a disability, under age 65 years, percent, 2011-2015","Persons  without health insurance, under age 65 years, percent","In civilian labor force, total, percent of population age 16 years+, 2011-2015","In civilian labor force, female, percent of population age 16 years+, 2011-2015","Total accommodation and food services sales, 2012 ($1,000)","Total health care and social assistance receipts/revenue, 2012 ($1,000)","Total manufacturers shipments, 2012 ($1,000)","Total merchant wholesaler sales, 2012 ($1,000)","Total retail sales, 2012 ($1,000)","Total retail sales per capita, 2012","Mean travel time to work (minutes), workers age 16 years+, 2011-2015","Median household income (in 2015 dollars), 2011-2015","Per capita income in past 12 months (in 2015 dollars), 2011-2015","Persons in poverty, percent","Total employer establishments, 2015","Total employment, 2015","Total annual payroll, 2015 ($1,000)","Total employment, percent change, 2014-2015","Total nonemployer establishments, 2015","All firms, 2012","Men-owned firms, 2012","Women-owned firms, 2012","Minority-owned firms, 2012","Nonminority-owned firms, 2012","Veteran-owned firms, 2012","Nonveteran-owned firms, 2012","Population per square mile, 2010","Land area in square miles, 2010"
Alabama,"4,863,300","4,780,131",1.70%,"4,779,736",6.00%,6.40%,22.60%,23.70%,16.10%,13.80%,51.60%,51.50%,69.30%,26.80%,0.70%,1.40%,0.10%,1.60%,4.20%,65.80%,"363,170",3.50%,"2,230,185","2,171,853",68.70%,"$125,500 ","$1,139 ",$345 ,$717 ,"15,001","1,848,325",2.55,85.30%,5.20%,84.30%,23.50%,11.80%,10.70%,58.00%,53.00%,"7,576,462","26,039,632","124,809,759","57,746,565","58,564,965","$12,145 ",24.4,"$43,623 ","$24,091 ",17.10%,"98,540","1,634,391","67,370,353",1.90%,"322,025","374,153","203,604","137,630","92,219","272,651","41,943","316,984",94.4,"50,645.33"
Alaska,"741,894","710,249",4.50%,"710,231",7.30%,7.60%,25.20%,26.40%,10.40%,7.70%,47.70%,48.00%,66.10%,3.80%,15.20%,6.30%,1.30%,7.30%,7.00%,61.20%,"69,323",7.40%,"310,658","306,967",63.40%,"$250,000 ","$1,827 ",$554 ,"$1,146 ","1,503","250,969",2.81,80.90%,16.20%,92.10%,28.00%,8.10%,15.50%,67.70%,65.00%,"2,221,335","6,375,483",D,"5,216,303","10,474,275","$14,320 ",19,"$72,515 ","$33,413 ",9.90%,"20,907","267,999","15,643,303",0.40%,"55,521","68,032","35,402","22,141","13,688","51,147","7,953","56,091",1.2,"570,640.95"
Arizona,"6,931,071","6,392,301",8.40%,"6,392,017",6.30%,7.10%,23.50%,25.50%,16.90%,13.80%,50.30%,50.30%,83.30%,4.90%,5.40%,3.40%,0.30%,2.80%,30.90%,55.50%,"505,794",13.50%,"2,961,003","2,844,526",62.80%,"$167,500 ","$1,343 ",$380 ,$913 ,"35,578","2,412,212",2.69,81.30%,26.90%,86.00%,27.50%,8.20%,11.90%,59.30%,54.50%,"13,996,635","37,055,881","51,243,473","69,437,272","84,716,542","$12,927 ",24.8,"$50,255 ","$25,848 ",16.40%,"136,352","2,295,186","102,671,393",2.40%,"451,951","499,926","245,243","182,425","135,313","344,981","46,780","427,582",56.3,"113,594.08"
Arkansas,"2,988,248","2,916,025",2.50%,"2,915,918",6.40%,6.80%,23.60%,24.40%,16.30%,14.40%,50.90%,50.90%,79.40%,15.70%,1.00%,1.60%,0.30%,2.00%,7.30%,72.90%,"220,953",4.70%,"1,354,762","1,316,299",66.10%,"$111,400 ","$1,019 ",$327 ,$677 ,"9,474","1,138,025",2.53,83.90%,7.20%,84.80%,21.10%,12.30%,9.30%,58.50%,53.30%,"4,307,264","15,792,628","62,712,925","31,256,110","36,815,256","$12,483 ",21.6,"$41,371 ","$22,798 ",17.20%,"65,175","1,003,113","39,451,191",1.10%,"198,380","231,959","123,158","75,962","35,982","189,029","25,915","192,988",56,"52,035.48"
California,"39,250,017","37,254,522",5.40%,"37,253,956",6.30%,6.80%,23.20%,25.00%,13.60%,11.40%,50.30%,50.30%,72.70%,6.50%,1.70%,14.80%,0.50%,3.80%,38.90%,37.70%,"1,777,410",27.00%,"14,060,525","13,680,081",54.30%,"$385,500 ","$2,155 ",$500 ,"$1,255 ","102,350","12,717,801",2.96,85.20%,43.90%,81.80%,31.40%,6.80%,8.30%,63.10%,57.20%,"90,830,372","248,953,592","512,303,164","666,652,186","481,800,461","$12,665 ",28,"$61,818 ","$30,318 ",14.30%,"908,120","14,325,377","856,954,246",3.50%,"3,206,958","3,548,449","1,852,580","1,320,085","1,619,857","1,819,107","252,377","3,176,341",239.1,"155,779.22"
Colorado,"5,540,545","5,029,324",10.20%,"5,029,196",6.10%,6.80%,22.80%,24.40%,13.40%,10.90%,49.70%,49.90%,87.50%,4.50%,1.60%,3.30%,0.20%,3.00%,21.30%,68.60%,"391,725",9.80%,"2,339,118","2,212,898",64.30%,"$247,800 ","$1,577 ",$419 ,"$1,002 ","38,974","2,024,468",2.55,80.80%,16.90%,90.70%,38.10%,7.20%,8.60%,67.60%,62.60%,"13,617,654","29,488,161","50,447,098","77,034,971","67,815,200","$13,073 ",24.8,"$60,629 ","$32,217 ",11.00%,"161,737","2,253,795","117,539,555",3.30%,"480,847","547,352","284,554","194,508","85,849","442,365","51,722","469,524",48.5,"103,641.89"
Connecticut,"3,576,452","3,574,114",0.10%,"3,574,097",5.20%,5.70%,21.10%,22.90%,16.10%,14.20%,51.20%,51.30%,80.60%,11.80%,0.50%,4.70%,0.10%,2.30%,15.70%,67.70%,"199,331",13.90%,"1,499,116","1,487,891",67.00%,"$270,500 ","$2,067 ",$833 ,"$1,075 ","5,504","1,352,583",2.57,87.80%,21.90%,89.90%,37.60%,7.10%,5.70%,67.20%,62.80%,"9,542,068","29,573,119","55,160,095","161,962,244","51,632,467","$14,381 ",25.4,"$70,331 ","$38,803 ",9.80%,"89,232","1,503,102","92,555,072",1.20%,"272,809","326,693","187,845","106,678","56,113","259,614","31,056","281,182",738.1,"4,842.36"
Delaware,"952,065","897,936",6.00%,"897,934",5.80%,6.20%,21.50%,22.90%,17.50%,14.40%,51.60%,51.60%,70.10%,22.60%,0.60%,4.00%,0.10%,2.60%,9.20%,62.90%,"71,213",8.70%,"426,149","405,885",71.20%,"$231,500 ","$1,537 ",$445 ,"$1,018 ","5,804","344,022",2.62,86.60%,12.90%,88.40%,30.00%,8.50%,6.60%,63.10%,59.40%,"2,148,437","7,003,251","22,597,384","5,628,914","14,456,001","$15,763 ",25.5,"$60,509 ","$30,554 ",11.70%,"24,852","397,385","21,305,227",1.50%,"60,734","73,418","38,328","23,964","14,440","54,782","7,206","60,318",460.8,"1,948.54"
Florida,"20,612,439","18,804,592",9.60%,"18,801,310",5.50%,5.70%,20.10%,21.30%,19.90%,17.30%,51.10%,51.10%,77.60%,16.80%,0.50%,2.90%,0.10%,2.10%,24.90%,54.90%,"1,507,738",19.70%,"9,301,642","8,989,580",65.30%,"$159,000 ","$1,435 ",$463 ,"$1,002 ","116,240","7,300,494",2.63,83.80%,28.10%,86.90%,27.30%,8.50%,15.30%,58.80%,54.70%,"49,817,925","124,061,425","96,924,106","252,626,608","273,867,145","$14,177 ",26.4,"$47,507 ","$26,829 ",14.70%,"532,830","7,777,990","337,074,525",4.50%,"2,040,339","2,100,187","1,084,885","807,817","926,112","1,121,749","185,756","1,846,686",350.6,"53,624.76"
Georgia,"10,310,371","9,688,680",6.40%,"9,687,653",6.40%,7.10%,24.40%,25.70%,13.10%,10.70%,51.30%,51.20%,61.20%,32.00%,0.50%,4.10%,0.10%,2.10%,9.40%,53.40%,"670,617",9.80%,"4,218,776","4,088,801",63.30%,"$148,100 ","$1,346 ",$392 ,$879 ,"51,675","3,574,362",2.73,84.00%,13.60%,85.40%,28.80%,8.80%,14.80%,62.30%,57.90%,"18,976,611","51,800,643","155,836,792","143,645,290","119,801,495","$12,077 ",27.4,"$49,620 ","$25,737 ",16.00%,"224,593","3,692,490","174,839,354",4.00%,"870,897","929,864","480,578","376,506","371,588","538,893","96,787","800,585",168.4,"57,513.49"
Hawaii,"1,428,557","1,360,301",5.00%,"1,360,301",6.40%,6.40%,21.60%,22.30%,17.10%,14.30%,49.80%,49.90%,25.80%,2.20%,0.40%,37.70%,10.20%,23.70%,10.40%,22.10%,"110,238",17.70%,"537,114","519,508",56.90%,"$515,300 ","$2,270 ",$505 ,"$1,438 ","3,369","450,572",3.02,85.10%,25.20%,91.00%,30.80%,6.50%,4.20%,61.50%,58.80%,"9,536,706","8,136,947",D,"9,607,982","18,901,745","$13,576 ",26.8,"$69,515 ","$29,822 ",9.30%,"31,915","523,677","22,068,393",0.90%,"104,707","118,454","60,409","44,453","74,208","38,510","11,148","101,334",211.8,"6,422.63"
Idaho,"1,683,140","1,567,650",7.40%,"1,567,582",6.80%,7.80%,26.00%,27.40%,15.10%,12.40%,49.90%,49.90%,93.30%,0.80%,1.80%,1.50%,0.20%,2.40%,12.30%,82.40%,"119,711",6.10%,"700,825","667,796",68.90%,"$162,900 ","$1,189 ",$340 ,$743 ,"12,165","589,320",2.69,82.40%,10.60%,89.50%,25.90%,9.00%,11.80%,62.60%,56.80%,"2,680,225","7,895,614","20,201,432","17,906,012","20,444,278","$12,812 ",20.2,"$47,583 ","$23,399 ",14.40%,"44,757","546,524","21,119,617",3.00%,"122,221","146,642","70,438","45,121","10,592","130,973","12,804","124,314",19,"82,643.12"
Illinois,"12,801,539","12,831,574",-0.20%,"12,830,632",6.00%,6.50%,22.90%,24.40%,14.60%,12.50%,50.90%,51.00%,77.20%,14.70%,0.60%,5.50%,0.10%,1.90%,17.00%,61.70%,"668,933",14.00%,"5,326,970","5,296,715",66.40%,"$173,800 ","$1,636 ",$574 ,$907 ,"22,603","4,786,388",2.63,86.80%,22.70%,87.90%,32.30%,7.10%,7.40%,65.60%,60.70%,"27,937,381","83,431,778","281,037,755","295,456,992","166,634,514","$12,942 ",28.4,"$57,574 ","$30,494 ",13.00%,"318,266","5,427,549","289,183,546",2.20%,"968,330","1,135,017","609,648","417,500","311,684","795,129","89,110","1,006,885",231.1,"55,518.93"
Indiana,"6,633,053","6,484,136",2.30%,"6,483,802",6.40%,6.70%,23.80%,24.80%,14.90%,13.00%,50.70%,50.80%,85.60%,9.70%,0.40%,2.20%,0.10%,2.00%,6.80%,79.60%,"426,493",4.80%,"2,854,546","2,795,541",69.00%,"$124,200 ","$1,102 ",$378 ,$745 ,"18,713","2,501,937",2.55,85.00%,8.30%,87.80%,24.10%,9.70%,9.40%,63.90%,59.00%,"13,076,602","42,493,117","242,763,842","81,173,422","85,857,962","$13,133 ",23.3,"$49,255 ","$25,346 ",14.10%,"145,116","2,660,503","113,315,432",2.20%,"403,546","479,059","253,533","162,798","61,252","405,090","45,174","412,543",181,"35,826.11"
Iowa,"3,134,693","3,046,869",2.90%,"3,046,355",6.40%,6.60%,23.30%,23.90%,16.40%,14.90%,50.30%,50.50%,91.40%,3.70%,0.50%,2.50%,0.10%,1.80%,5.80%,86.20%,"211,066",4.70%,"1,380,162","1,336,417",71.50%,"$129,200 ","$1,171 ",$434 ,$697 ,"14,317","1,236,409",2.42,84.80%,7.40%,91.50%,26.70%,7.90%,5.00%,67.60%,63.30%,"5,468,687","18,583,828","116,668,830","62,318,301","44,905,624","$14,607 ",18.9,"$53,183 ","$27,950 ",11.80%,"80,952","1,338,418","55,079,743",1.70%,"207,167","259,121","135,382","82,345","14,707","236,561","25,889","217,779",54.5,"55,857.13"
Kansas,"2,907,289","2,853,129",1.90%,"2,853,118",6.70%,7.20%,24.60%,25.50%,15.00%,13.20%,50.20%,50.40%,86.60%,6.20%,1.20%,3.00%,0.10%,2.90%,11.60%,76.30%,"198,396",6.90%,"1,259,864","1,233,215",66.70%,"$132,000 ","$1,282 ",$455 ,$757 ,"9,807","1,113,472",2.53,83.50%,11.30%,90.20%,31.00%,8.60%,10.10%,66.30%,61.60%,"4,873,411","18,248,370","86,076,260","60,226,324","38,276,461","$13,263 ",19.1,"$52,205 ","$27,706 ",12.10%,"74,526","1,189,876","51,259,676",1.00%,"195,777","239,118","125,169","77,194","26,127","204,562","21,610","203,401",34.9,"81,758.72"
Kentucky,"4,436,974","4,339,344",2.20%,"4,339,367",6.20%,6.50%,22.80%,23.60%,15.60%,13.30%,50.70%,50.80%,88.00%,8.30%,0.30%,1.50%,0.10%,1.90%,3.50%,85.00%,"297,312",3.40%,"1,965,556","1,927,164",67.20%,"$123,200 ","$1,112 ",$339 ,$675 ,"12,714","1,708,499",2.5,84.70%,5.10%,84.20%,22.30%,12.90%,6.00%,59.10%,54.90%,"7,500,115","26,264,745","129,284,438","71,745,899","54,869,978","$12,526 ",23,"$43,740 ","$24,063 ",18.50%,"91,845","1,579,477","63,741,066",2.90%,"280,835","331,546","184,154","106,011","27,258","296,155","33,208","282,704",109.9,"39,486.34"
Louisiana,"4,681,666","4,533,479",3.30%,"4,533,372",6.60%,6.90%,23.80%,24.70%,14.40%,12.30%,51.10%,51.00%,63.20%,32.60%,0.80%,1.80%,0.10%,1.60%,5.00%,59.00%,"281,989",4.00%,"2,036,975","1,964,981",65.80%,"$144,100 ","$1,200 ",$317 ,$788 ,"14,503","1,727,919",2.6,86.30%,8.50%,83.40%,22.50%,11.00%,11.90%,60.40%,56.00%,"11,697,949","27,951,792","271,191,050","68,012,838","61,396,364","$13,342 ",25.1,"$45,047 ","$24,981 ",20.20%,"105,575","1,724,973","76,684,760",0.40%,"358,223","414,291","215,111","151,114","126,100","277,676","42,211","354,460",104.9,"43,203.90"
Maine,"1,331,479","1,328,364",0.20%,"1,328,361",4.90%,5.20%,19.10%,20.70%,19.40%,15.90%,51.00%,51.10%,94.80%,1.50%,0.70%,1.20%,Z,1.70%,1.60%,93.50%,"119,058",3.50%,"730,705","721,830",71.20%,"$173,800 ","$1,336 ",$477 ,$777 ,"4,010","553,284",2.34,85.90%,6.60%,91.60%,29.00%,11.90%,9.90%,63.40%,59.90%,"2,901,347","10,297,043","16,044,543","12,961,262","21,521,714","$16,192 ",23.6,"$49,331 ","$27,655 ",12.50%,"40,801","500,549","20,413,159",1.60%,"113,012","139,570","79,243","42,067","4,339","131,322","15,689","115,839",43.1,"30,842.92"
Maryland,"6,016,447","5,773,786",4.20%,"5,773,552",6.10%,6.30%,22.40%,23.40%,14.60%,12.30%,51.60%,51.60%,59.30%,30.70%,0.60%,6.60%,0.10%,2.80%,9.80%,51.50%,"403,900",14.50%,"2,447,127","2,378,814",66.80%,"$286,900 ","$1,951 ",$582 ,"$1,230 ","17,044","2,166,389",2.67,86.60%,17.20%,89.40%,37.90%,7.10%,7.00%,67.90%,64.10%,"12,516,782","40,821,901","39,532,989","60,734,191","76,379,707","$12,980 ",32.3,"$74,551 ","$36,897 ",9.70%,"137,204","2,239,817","118,496,858",1.00%,"475,518","531,953","276,630","209,119","203,394","314,902","50,976","462,232",594.8,"9,707.24"
Massachusetts,"6,811,779","6,547,813",4.00%,"6,547,629",5.30%,5.60%,20.20%,21.70%,15.80%,13.80%,51.50%,51.60%,81.80%,8.60%,0.50%,6.70%,0.10%,2.30%,11.50%,73.00%,"355,083",15.50%,"2,858,026","2,808,254",62.10%,"$333,100 ","$2,063 ",$717 ,"$1,102 ","16,288","2,549,721",2.53,87.10%,22.50%,89.80%,40.50%,7.90%,2.90%,67.50%,63.40%,"17,508,975","63,583,090","81,927,799","123,904,370","92,915,380","$13,980 ",28.7,"$68,563 ","$36,895 ",10.40%,"175,225","3,167,329","198,026,611",2.60%,"514,298","607,664","357,158","199,210","89,967","499,959","58,339","525,667",839.4,"7,800.06"
Michigan,"9,928,300","9,884,129",0.40%,"9,883,640",5.80%,6.00%,22.10%,23.70%,16.20%,13.80%,50.80%,50.90%,79.60%,14.20%,0.70%,3.10%,Z,2.40%,5.00%,75.40%,"626,722",6.30%,"4,560,055","4,532,233",71.00%,"$122,400 ","$1,257 ",$461 ,$783 ,"20,408","3,841,148",2.52,85.30%,9.20%,89.60%,26.90%,10.30%,6.30%,61.20%,57.10%,"17,962,356","63,018,786","238,892,383","115,704,903","119,302,046","$12,071 ",24.2,"$49,576 ","$26,607 ",15.00%,"219,627","3,725,280","174,873,962",3.20%,"700,254","834,087","446,128","306,986","158,946","657,237","71,861","733,517",174.8,"56,538.90"
Minnesota,"5,519,952","5,303,924",4.10%,"5,303,925",6.40%,6.70%,23.30%,24.20%,15.10%,12.90%,50.20%,50.40%,85.00%,6.20%,1.30%,4.90%,0.10%,2.40%,5.20%,80.60%,"342,388",7.70%,"2,409,935","2,347,201",71.70%,"$186,200 ","$1,490 ",$479 ,$848 ,"21,449","2,124,745",2.49,85.50%,11.00%,92.40%,33.70%,7.10%,4.80%,70.00%,66.20%,"11,722,627","40,403,572","123,076,309","104,485,117","78,898,182","$14,667 ",23.1,"$61,492 ","$32,157 ",9.90%,"148,666","2,612,314","133,092,716",1.80%,"397,378","489,494","268,710","157,821","47,302","428,716","45,582","419,628",66.6,"79,626.74"
Mississippi,"2,988,726","2,968,103",0.70%,"2,967,297",6.30%,7.10%,24.10%,25.50%,15.10%,12.80%,51.50%,51.40%,59.30%,37.70%,0.60%,1.10%,0.10%,1.20%,3.10%,56.90%,"184,774",2.30%,"1,307,441","1,274,719",68.40%,"$103,100 ","$1,077 ",$341 ,$717 ,"6,886","1,096,593",2.64,86.10%,3.90%,82.30%,20.70%,11.90%,13.90%,57.50%,53.70%,"6,999,175","16,630,587","66,441,608","28,302,952","37,053,190","$12,413 ",24.1,"$39,665 ","$21,057 ",20.80%,"58,662","926,391","33,948,151",1.60%,"211,955","235,454","125,079","89,159","74,824","155,094","26,789","198,566",63.2,"46,923.27"
Missouri,"6,093,000","5,988,928",1.70%,"5,988,927",6.10%,6.50%,22.80%,23.80%,16.10%,14.00%,50.90%,51.00%,83.20%,11.80%,0.60%,2.00%,0.10%,2.20%,4.10%,79.70%,"451,342",3.90%,"2,760,084","2,712,729",67.20%,"$138,400 ","$1,210 ",$402 ,$746 ,"18,997","2,364,688",2.48,83.90%,6.00%,88.40%,27.10%,10.40%,10.50%,63.20%,59.30%,"12,430,310","40,089,316","111,535,362","91,916,351","90,546,581","$15,036 ",23.2,"$48,173 ","$26,259 ",14.00%,"158,191","2,442,316","109,135,528",1.60%,"402,091","491,606","257,948","162,616","61,035","415,972","49,217","415,542",87.1,"68,741.52"
Montana,"1,042,520","989,414",5.40%,"989,415",6.00%,6.30%,21.80%,22.60%,17.70%,14.80%,49.70%,49.80%,89.20%,0.60%,6.60%,0.80%,0.10%,2.70%,3.60%,86.50%,"90,000",2.10%,"497,756","482,825",67.20%,"$193,500 ","$1,294 ",$387 ,$711 ,"4,781","409,394",2.41,83.60%,4.10%,92.80%,29.50%,9.10%,9.80%,63.60%,59.50%,"2,420,455","6,469,475","11,535,236","12,645,824","15,623,573","$15,544 ",18.1,"$47,169 ","$26,381 ",13.30%,"37,270","375,041","14,227,065",3.10%,"86,969","112,419","55,913","35,449","5,578","102,746","11,486","93,393",6.8,"145,545.80"
Nebraska,"1,907,116","1,826,334",4.40%,"1,826,341",7.00%,7.20%,24.80%,25.10%,15.00%,13.50%,50.20%,50.40%,88.90%,5.00%,1.40%,2.50%,0.10%,2.10%,10.70%,79.60%,"132,918",6.60%,"827,156","796,793",66.20%,"$133,200 ","$1,270 ",$471 ,$726 ,"8,078","736,613",2.47,83.70%,10.80%,90.70%,29.30%,7.30%,9.90%,69.90%,65.20%,"3,094,498","12,869,418","57,499,177","42,618,995","30,470,717","$16,422 ",18.3,"$52,997 ","$27,882 ",11.40%,"53,719","870,279","36,967,924",2.30%,"131,518","164,089","83,696","51,936","14,571","144,122","16,693","137,254",23.8,"76,824.17"
Nevada,"2,940,058","2,700,691",8.90%,"2,700,551",6.30%,6.90%,23.00%,24.60%,15.00%,12.00%,49.90%,49.50%,75.10%,9.60%,1.60%,8.70%,0.80%,4.20%,28.50%,49.90%,"220,332",19.20%,"1,221,698","1,173,814",55.10%,"$173,700 ","$1,442 ",$410 ,$973 ,"17,952","1,016,709",2.72,78.80%,30.00%,85.10%,23.00%,9.00%,13.10%,64.00%,59.30%,"27,481,505","13,928,514","14,719,141","19,841,701","38,234,170","$13,858 ",23.9,"$51,847 ","$26,541 ",13.80%,"63,383","1,129,965","46,595,673",3.70%,"205,980","227,156","114,057","82,508","71,864","144,944","23,049","191,293",24.6,"109,781.18"
New Hampshire,"1,334,795","1,316,461",1.40%,"1,316,470",4.80%,5.30%,19.50%,21.80%,17.00%,13.50%,50.50%,50.70%,93.80%,1.50%,0.30%,2.70%,0.10%,1.70%,3.50%,90.80%,"106,827",5.70%,"625,307","614,754",71.00%,"$237,300 ","$1,870 ",$747 ,"$1,000 ","3,796","520,251",2.47,86.50%,7.90%,92.30%,34.90%,8.50%,7.10%,68.20%,63.80%,"2,942,278","9,616,460","18,895,624","18,029,179","26,018,201","$19,700 ",26.9,"$66,779 ","$34,362 ",7.30%,"37,669","576,424","28,076,320",2.30%,"104,437","131,638","76,716","38,525","6,111","121,297","16,119","108,817",147,"8,952.65"
New Jersey,"8,944,469","8,791,953",1.70%,"8,791,894",5.80%,6.20%,22.20%,23.50%,15.30%,13.50%,51.20%,51.30%,72.40%,15.00%,0.60%,9.80%,0.10%,2.20%,20.00%,55.80%,"393,277",21.70%,"3,604,409","3,553,562",64.50%,"$315,900 ","$2,386 ",$973 ,"$1,192 ","26,793","3,189,486",2.73,90.20%,30.50%,88.60%,36.80%,6.60%,9.20%,65.90%,60.60%,"19,673,558","60,375,232","108,854,971","288,467,844","133,665,728","$15,079 ",31,"$72,093 ","$36,582 ",10.40%,"230,961","3,558,619","209,072,015",0.90%,"670,765","792,088","464,592","252,944","237,242","533,808","57,996","707,975","1,195.50","7,354.22"
New Mexico,"2,081,015","2,059,198",1.10%,"2,059,179",6.20%,7.00%,23.60%,25.20%,16.50%,13.20%,50.50%,50.60%,82.60%,2.50%,10.60%,1.70%,0.20%,2.50%,48.50%,38.10%,"164,157",9.80%,"917,568","901,388",68.10%,"$160,300 ","$1,227 ",$327 ,$777 ,"4,863","763,603",2.67,85.70%,35.70%,84.20%,26.30%,10.10%,10.80%,59.10%,54.90%,"4,349,672","11,236,630","29,102,352","10,720,363","25,179,274","$12,073 ",21.6,"$44,963 ","$24,012 ",19.80%,"43,793","626,284","25,145,307",3.90%,"121,279","151,363","71,132","59,044","60,622","83,857","14,096","128,693",17.00,"121,298.15"
New York,"19,745,289","19,378,110",1.90%,"19,378,102",5.90%,6.00%,21.20%,22.30%,15.40%,13.50%,51.40%,51.60%,69.90%,17.70%,1.00%,8.90%,0.10%,2.50%,19.00%,55.80%,"828,586",22.50%,"8,231,687","8,108,103",53.60%,"$283,400 ","$2,022 ",$709 ,"$1,132 ","33,711","7,262,279",2.63,89.10%,30.40%,85.60%,34.20%,7.40%,7.00%,63.30%,58.70%,"49,285,508","155,666,053","148,879,931","341,734,970","251,167,736","$12,834 ",32.3,"$59,269 ","$33,236 ",14.70%,"540,298","7,998,994","513,083,321",1.80%,"1,685,636","2,008,988","1,139,910","725,709","709,021","1,248,304","137,532","1,811,544",411.20,"47,126.40"
North Carolina,"10,146,788","9,535,688",6.40%,"9,535,483",6.00%,6.60%,22.70%,23.90%,15.50%,12.90%,51.40%,51.30%,71.00%,22.20%,1.60%,2.90%,0.10%,2.20%,9.20%,63.50%,"696,119",7.70%,"4,540,498","4,327,528",65.10%,"$154,900 ","$1,248 ",$373 ,$797 ,"60,550","3,775,581",2.54,84.70%,11.20%,85.80%,28.40%,9.60%,12.20%,61.80%,57.70%,"18,622,258","55,227,505","202,344,646","105,275,586","120,691,007","$12,376 ",23.9,"$46,868 ","$25,920 ",15.40%,"223,209","3,670,284","164,936,258",3.10%,"722,639","805,985","435,677","287,058","183,380","603,182","86,571","684,743",196.10,"48,617.91"
North Dakota,"757,952","672,591",12.70%,"672,591",7.30%,6.60%,23.30%,22.30%,14.50%,14.50%,48.70%,49.50%,87.90%,2.90%,5.50%,1.50%,0.10%,2.10%,3.60%,85.00%,"51,179",3.20%,"368,624","317,498",64.10%,"$153,800 ","$1,243 ",$423 ,$709 ,"3,981","299,638",2.32,82.20%,5.60%,91.70%,27.70%,6.80%,8.10%,69.30%,65.00%,"2,045,123","5,418,355","14,427,360","28,150,837","15,519,816","$22,183 ",17.2,"$57,181 ","$32,035 ",10.70%,"24,848","365,893","17,184,756",1.40%,"53,263","68,270","37,016","20,316","3,190","62,271","6,584","56,904",9.70,"69,000.80"
Ohio,"11,614,373","11,536,727",0.70%,"11,536,504",6.00%,6.20%,22.50%,23.70%,16.20%,14.10%,51.00%,51.20%,82.50%,12.80%,0.30%,2.20%,0.10%,2.20%,3.70%,79.50%,"806,531",4.10%,"5,164,361","5,127,508",66.30%,"$129,900 ","$1,246 ",$444 ,$730 ,"22,816","4,585,084",2.46,85.30%,6.70%,89.10%,26.10%,9.90%,6.60%,63.30%,59.00%,"20,652,777","80,915,693","313,629,976","155,426,023","153,553,997","$13,301 ",23.2,"$49,429 ","$26,953 ",14.60%,"251,668","4,719,985","213,161,303",1.80%,"763,418","904,814","510,078","306,824","122,653","759,569","91,316","776,193",282.30,"40,860.69"
Oklahoma,"3,923,561","3,751,615",4.60%,"3,751,351",6.80%,7.00%,24.50%,24.80%,15.00%,13.50%,50.50%,50.50%,74.60%,7.80%,9.20%,2.20%,0.20%,6.10%,10.30%,66.20%,"295,847",5.80%,"1,721,045","1,664,378",66.10%,"$117,900 ","$1,147 ",$370 ,$727 ,"12,092","1,455,321",2.57,82.60%,9.80%,86.90%,24.10%,11.30%,16.10%,61.10%,55.70%,"7,121,153","22,795,438","74,295,394","71,892,946","50,256,231","$13,174 ",21.3,"$46,879 ","$25,032 ",16.30%,"93,093","1,370,988","59,124,620",0.80%,"276,218","327,229","174,395","105,168","64,875","249,027","36,273","273,491",54.70,"68,594.92"
Oregon,"4,093,465","3,831,072",6.80%,"3,831,074",5.80%,6.20%,21.20%,22.60%,16.80%,13.90%,50.50%,50.50%,87.40%,2.10%,1.80%,4.50%,0.40%,3.80%,12.80%,76.40%,"306,723",9.90%,"1,732,786","1,675,562",61.30%,"$237,300 ","$1,557 ",$469 ,$907 ,"19,586","1,533,430",2.51,81.90%,15.10%,89.80%,30.80%,10.20%,7.30%,62.10%,57.60%,"8,466,788","24,956,816","51,349,948","48,325,261","49,481,054","$12,690 ",22.9,"$51,243 ","$27,684 ",13.30%,"112,393","1,498,727","71,006,598",3.80%,"278,839","339,305","165,691","123,015","41,456","285,028","30,918","288,790",39.90,"95,988.01"
Pennsylvania,"12,784,227","12,702,857",0.60%,"12,702,379",5.60%,5.70%,20.90%,22.00%,17.40%,15.40%,51.00%,51.30%,82.40%,11.80%,0.40%,3.50%,0.10%,1.90%,7.00%,77.00%,"870,770",6.30%,"5,612,002","5,567,315",69.20%,"$166,000 ","$1,425 ",$498 ,$840 ,"23,303","4,958,859",2.49,88.00%,10.60%,89.20%,28.60%,9.50%,6.70%,62.80%,58.30%,"23,504,192","96,329,248","231,396,178","191,170,147","178,794,945","$14,008 ",26.3,"$53,599 ","$29,291 ",12.90%,"299,695","5,306,896","257,626,942",1.00%,"811,890","975,453","579,400","304,803","131,512","818,858","97,969","837,792",283.90,"44,742.70"
Rhode Island,"1,056,426","1,052,940",0.30%,"1,052,567",5.20%,5.50%,19.70%,21.30%,16.50%,14.40%,51.40%,51.70%,84.40%,8.10%,1.00%,3.60%,0.20%,2.70%,14.90%,73.30%,"66,076",13.30%,"462,589","463,388",60.10%,"$238,000 ","$1,815 ",$682 ,$925 ,"1,226","410,602",2.46,86.60%,21.40%,86.20%,31.90%,8.90%,5.10%,65.50%,61.60%,"2,481,314","8,223,005","11,262,158","22,310,389","12,063,865","$11,486 ",24.2,"$56,852 ","$31,118 ",12.80%,"28,387","425,748","19,704,826",1.00%,"76,747","94,642","54,651","30,484","14,737","77,042","9,904","79,837","1,018.10","1,033.81"
South Carolina,"4,961,119","4,625,410",7.30%,"4,625,364",5.90%,6.50%,22.10%,23.40%,16.70%,13.70%,51.50%,51.40%,68.50%,27.50%,0.50%,1.60%,0.10%,1.80%,5.50%,63.90%,"378,959",4.80%,"2,236,153","2,137,683",68.60%,"$139,900 ","$1,183 ",$347 ,$790 ,"32,165","1,815,094",2.56,84.70%,6.90%,85.60%,25.80%,10.30%,11.90%,60.10%,56.20%,"9,763,818","22,941,292","99,160,840","45,520,900","58,093,824","$12,298 ",23.9,"$45,483 ","$24,604 ",15.30%,"103,973","1,662,251","66,120,263",2.80%,"329,431","367,726","202,446","131,856","83,233","276,269","47,987","303,137",153.90,"30,060.70"
South Dakota,"865,454","814,195",6.30%,"814,180",7.10%,7.30%,24.60%,24.90%,16.00%,14.30%,49.60%,50.00%,85.20%,2.00%,9.00%,1.50%,0.10%,2.30%,3.70%,82.50%,"63,742",3.00%,"383,838","363,438",68.10%,"$140,500 ","$1,210 ",$433 ,$655 ,"5,686","330,858",2.45,83.40%,6.50%,90.90%,27.00%,8.40%,10.30%,68.60%,64.60%,"1,873,699","6,211,731","16,882,647","20,411,059","13,791,827","$16,550 ",16.9,"$50,957 ","$26,747 ",13.30%,"26,511","353,540","13,812,997",1.60%,"64,006","81,314","42,418","23,722","4,101","74,228","8,604","66,219",10.70,"75,811.00"
Tennessee,"6,651,194","6,346,298",4.80%,"6,346,105",6.10%,6.40%,22.60%,23.60%,15.70%,13.40%,51.20%,51.30%,78.70%,17.10%,0.40%,1.80%,0.10%,1.90%,5.20%,74.20%,"462,414",4.80%,"2,919,671","2,812,133",66.80%,"$142,100 ","$1,181 ",$359 ,$764 ,"36,157","2,504,556",2.53,84.70%,6.90%,85.50%,24.90%,11.20%,10.60%,61.00%,56.30%,"12,499,013","42,383,683","139,960,482","111,718,421","91,641,605","$14,194 ",24.5,"$45,219 ","$25,227 ",15.80%,"133,344","2,507,205","110,481,280",2.20%,"495,703","550,453","302,249","195,694","105,234","434,025","59,379","469,392",153.90,"41,234.90"
Texas,"27,862,596","25,146,100",10.80%,"25,145,561",7.20%,7.70%,26.20%,27.30%,12.00%,10.30%,50.40%,50.40%,79.40%,12.60%,1.00%,4.80%,0.10%,1.90%,39.10%,42.60%,"1,539,655",16.60%,"10,753,629","9,977,436",62.20%,"$136,000 ","$1,432 ",$460 ,$882 ,"165,853","9,149,196",2.84,83.30%,35.00%,81.90%,27.60%,8.10%,18.60%,64.30%,57.70%,"54,480,811","145,035,130","702,603,073","691,242,607","356,116,376","$13,666 ",25.6,"$53,207 ","$26,999 ",15.60%,"569,091","10,239,710","521,095,797",3.20%,"2,205,149","2,356,748","1,251,696","866,678","1,070,392","1,224,845","213,590","2,057,218",96.3,"261,231.71"
Utah,"3,051,217","2,763,888",10.40%,"2,763,885",8.30%,9.50%,30.20%,31.50%,10.50%,9.00%,49.70%,49.80%,91.10%,1.40%,1.60%,2.50%,1.00%,2.50%,13.80%,78.80%,"134,332",8.40%,"1,054,164","979,709",69.50%,"$215,900 ","$1,428 ",$388 ,$887 ,"22,662","906,292",3.15,82.90%,14.70%,91.20%,31.10%,6.60%,9.70%,67.70%,59.50%,"4,789,281","14,521,857","50,046,429","30,927,885","38,024,486","$13,317 ",21.6,"$60,727 ","$24,686 ",10.20%,"75,463","1,203,954","51,453,266",4.90%,"216,280","251,419","132,163","76,269","24,423","218,826","18,754","219,807",33.6,"82,169.62"
Vermont,"624,594","625,741",-0.20%,"625,741",4.90%,5.10%,19.00%,20.70%,18.10%,14.60%,50.60%,50.70%,94.60%,1.30%,0.40%,1.80%,Z,1.90%,1.90%,93.10%,"44,708",4.30%,"329,525","322,539",71.00%,"$217,500 ","$1,535 ",$641 ,$895 ,"1,771","257,167",2.34,86.50%,5.40%,91.80%,36.00%,10.00%,4.50%,66.60%,63.60%,"1,564,272","4,457,996","9,315,494","6,450,076","9,933,751","$15,868 ",22.5,"$55,176 ","$29,894 ",11.90%,"21,121","266,363","10,615,093",2.00%,"60,312","75,827","41,270","23,417","2,354","70,491","8,237","63,317",67.9,"9,216.66"
Virginia,"8,411,808","8,001,041",5.10%,"8,001,024",6.10%,6.40%,22.20%,23.20%,14.60%,12.20%,50.80%,50.90%,70.00%,19.80%,0.50%,6.60%,0.10%,2.90%,9.10%,62.40%,"706,539",11.70%,"3,491,054","3,364,939",66.20%,"$245,000 ","$1,711 ",$433 ,"$1,116 ","31,132","3,062,783",2.62,84.40%,15.40%,88.30%,36.30%,7.70%,10.10%,64.70%,60.80%,"17,795,901","47,705,003","96,389,872","86,613,641","110,002,385","$13,438 ",27.9,"$65,015 ","$34,152 ",11.00%,"197,384","3,198,718","165,788,897",1.20%,"576,446","653,193","353,012","236,290","185,043","450,109","76,434","548,439",202.6,"39,490.09"
Washington,"7,288,000","6,724,545",8.40%,"6,724,540",6.20%,6.50%,22.40%,23.50%,14.80%,12.30%,50.00%,50.20%,80.00%,4.10%,1.90%,8.60%,0.80%,4.60%,12.40%,69.50%,"564,864",13.40%,"3,025,685","2,885,677",62.50%,"$259,500 ","$1,731 ",$511 ,"$1,014 ","44,077","2,668,912",2.56,82.50%,18.90%,90.40%,32.90%,8.90%,6.90%,63.50%,58.50%,"14,297,278","43,966,889","131,530,601","83,313,366","118,924,049","$17,243 ",26.3,"$61,062 ","$31,762 ",11.30%,"182,913","2,602,408","149,258,789",2.90%,"444,135","541,522","262,650","187,677","92,807","426,697","49,331","461,401",101.2,"66,455.52"
West Virginia,"1,831,102","1,853,011",-1.20%,"1,852,994",5.50%,5.60%,20.50%,20.90%,18.80%,16.00%,50.50%,50.70%,93.60%,3.60%,0.20%,0.80%,Z,1.70%,1.50%,92.30%,"150,021",1.50%,"886,640","881,917",72.50%,"$103,800 ",$966 ,$293 ,$643 ,"2,544","740,890",2.43,88.20%,2.50%,85.00%,19.20%,14.40%,6.50%,53.90%,49.20%,"4,036,333","12,259,395","24,553,072","14,295,437","22,637,923","$12,201 ",25.6,"$41,751 ","$23,450 ",17.90%,"36,993","565,435","22,159,084",-1.70%,"88,136","114,435","63,112","39,065","5,777","104,785","12,912","94,960",77.1,"24,038.21"
Wisconsin,"5,778,708","5,687,289",1.60%,"5,686,986",5.80%,6.30%,22.30%,23.60%,16.10%,13.70%,50.30%,50.40%,87.50%,6.60%,1.10%,2.80%,0.10%,1.90%,6.70%,81.70%,"381,940",4.80%,"2,668,444","2,624,358",67.30%,"$165,800 ","$1,402 ",$532 ,$776 ,"19,274","2,299,107",2.43,85.80%,8.70%,91.00%,27.80%,8.20%,6.20%,67.10%,63.50%,"10,303,256","40,680,625","177,728,926","77,066,883","78,201,822","$13,656 ",21.9,"$53,357 ","$28,340 ",11.80%,"139,500","2,503,532","112,406,494",2.20%,"341,935","432,980","236,252","133,859","40,507","379,934","39,830","370,755",105,"54,157.80"
Wyoming,"585,501","563,767",3.90%,"563,626",6.50%,7.10%,23.70%,24.00%,15.00%,12.40%,48.90%,49.00%,92.80%,1.30%,2.70%,1.00%,0.10%,2.10%,10.00%,84.10%,"48,505",3.60%,"270,600","261,868",69.10%,"$194,800 ","$1,348 ",$386 ,$789 ,"1,727","226,865",2.49,81.90%,7.10%,92.30%,25.70%,8.50%,13.40%,67.70%,62.70%,"1,644,844","3,291,478","10,783,794","5,597,891","9,446,043","$16,388 ",18.3,"$58,840 ","$29,803 ",11.30%,"21,040","219,881","10,094,010",FN,"48,140","62,427","30,039","19,344","4,077","55,397","6,470","51,353",5.8,"97,093.14"
